測定局コード,日付,時,SO2(ppm),NO(ppm),NO2(ppm),NOx(ppm),CO(ppm),Ox(ppm),NMHC(ppmC),CH4(ppmC),THC(ppmC),SPM(mg/m3),PM2.5(μg/m3),SP(mg/m3),WD(16Dir),WS(m/s),TEMP(℃),HUM(％)
38201090,2023/11/01,01,0,0,0.004,0.004,0.2,0.031,0.06,2.03,2.09,0,10,,E,2.2,,
38201090,2023/11/01,02,0,-,-,-,0.2,0.032,0.06,2.03,2.09,0,10,,ENE,1.8,,
38201090,2023/11/01,03,0,0,0.003,0.003,0.2,0.032,0.05,2.03,2.08,0,9,,ENE,1.6,,
38201090,2023/11/01,04,0,0,0.004,0.004,0.2,0.030,0.05,2.03,2.08,0.006,8,,ENE,1.9,,
38201090,2023/11/01,05,0,0,0.004,0.004,0.2,0.030,0.05,2.04,2.09,0,10,,ENE,2.0,,
38201090,2023/11/01,06,0,0,0.007,0.007,0.2,0.027,0.06,2.04,2.10,0.018,10,,ENE,1.9,,
38201090,2023/11/01,07,0,0,0.009,0.009,0.2,0.025,0.07,2.05,2.12,0,11,,ENE,1.9,,
38201090,2023/11/01,08,0,0.001,0.011,0.012,0.3,0.025,0.07,2.05,2.12,0.001,11,,E,2.2,,
38201090,2023/11/01,09,0.001,0.001,0.009,0.010,0.3,0.036,0.08,2.05,2.13,0.034,19,,E,2.2,,
38201090,2023/11/01,10,0.001,0.001,0.009,0.010,0.2,0.040,0.07,2.04,2.11,0,26,,SW,1.4,,
38201090,2023/11/01,11,0.001,0,0.007,0.007,0.2,0.050,0.07,2.04,2.11,0.001,25,,W,2.7,,
38201090,2023/11/01,12,0.001,0,0.005,0.005,0.2,0.058,0.07,2.04,2.11,0.018,20,,WSW,2.1,,
38201090,2023/11/01,13,0.001,0,0.005,0.005,0.1,0.061,0.06,2.03,2.09,0,24,,W,2.1,,
38201090,2023/11/01,14,0.001,0,0.005,0.005,0.1,0.064,0.06,2.03,2.09,0.018,22,,WSW,2.7,,
38201090,2023/11/01,15,0.001,0,0.005,0.005,0.1,0.066,0.54,2.03,2.57,0.022,18,,WSW,3.2,,
38201090,2023/11/01,16,0.001,0,0.004,0.004,0.1,0.067,0.07,2.03,2.10,0.004,2,,SW,3.5,,
38201090,2023/11/01,17,0.001,0,0.005,0.005,0.1,0.066,0.06,2.03,2.09,0.019,5,,SW,2.1,,
38201090,2023/11/01,18,0.001,0,0.006,0.006,0.1,0.060,0.12,2.03,2.15,0.014,16,,SSE,0.6,,
38201090,2023/11/01,19,0.001,0,0.011,0.011,0.2,0.046,0.16,2.04,2.20,0.027,13,,ESE,0.6,,
38201090,2023/11/01,20,0,0,0.008,0.008,0.2,0.041,0.09,2.03,2.12,0.017,10,,E,2.0,,
38201090,2023/11/01,21,0,0,0.007,0.007,0.2,0.038,0.07,2.02,2.09,0.015,7,,ENE,1.9,,
38201090,2023/11/01,22,0,0,0.006,0.006,0.1,0.036,0.06,2.02,2.08,0.007,10,,ENE,1.8,,
38201090,2023/11/01,23,0,0,0.005,0.005,0.1,0.035,0.07,2.02,2.09,0.011,10,,E,2.0,,
38201090,2023/11/01,24,0,0,0.005,0.005,0.1,0.035,0.06,2.03,2.09,0,13,,ENE,2.0,,
38201090,2023/11/02,01,0,0,0.005,0.005,0.2,0.033,0.06,2.03,2.09,0.016,11,,E,1.7,,
38201090,2023/11/02,02,0,0,0.004,0.004,0.1,0.035,0.05,2.03,2.08,0,12,,ENE,1.5,,
38201090,2023/11/02,03,0,0,0.003,0.003,0.2,0.037,0.05,2.03,2.08,0.003,10,,ENE,1.8,,
38201090,2023/11/02,04,0,0,0.005,0.005,0.2,0.034,0.05,2.04,2.09,0.008,14,,ENE,1.7,,
38201090,2023/11/02,05,0,0,0.007,0.007,0.2,0.031,0.05,2.04,2.09,0.007,12,,ENE,1.5,,
38201090,2023/11/02,06,0.001,0,0.007,0.007,0.2,0.032,0.05,2.04,2.09,0,12,,E,2.2,,
38201090,2023/11/02,07,0.001,0,0.009,0.009,0.2,0.030,0.06,2.03,2.09,0.001,11,,ENE,1.9,,
38201090,2023/11/02,08,0.001,0.001,0.012,0.013,0.3,0.028,0.08,2.04,2.12,0.014,11,,E,1.9,,
38201090,2023/11/02,09,0.001,0.002,0.014,0.016,0.3,0.030,0.10,2.03,2.13,0,17,,E,1.1,,
38201090,2023/11/02,10,0.001,0.001,0.013,0.014,0.2,0.037,0.08,2.02,2.10,0,27,,WSW,2.4,,
38201090,2023/11/02,11,0.001,0,0.007,0.007,0.1,0.045,0.07,2.00,2.07,0.023,24,,SW,3.2,,
38201090,2023/11/02,12,0.001,0,0.005,0.005,0.1,0.052,0.07,2.00,2.07,0.007,23,,WSW,2.9,,
38201090,2023/11/02,13,0.001,0,0.004,0.004,0.1,0.057,0.06,2.00,2.06,0.007,22,,WSW,2.8,,
38201090,2023/11/02,14,0.001,0,0.004,0.004,0.1,0.056,0.07,1.99,2.06,0.010,19,,WSW,3.3,,
38201090,2023/11/02,15,0.001,0,0.005,0.005,0.1,0.057,0.07,1.99,2.06,0.012,15,,WSW,2.9,,
38201090,2023/11/02,16,0.001,0,0.005,0.005,0.1,0.054,0.07,1.99,2.06,0,-1,,SW,2.5,,
38201090,2023/11/02,17,0.001,0,0.004,0.004,0,0.055,0.07,1.98,2.05,0.010,4,,SW,1.7,,
38201090,2023/11/02,18,0,0,0.007,0.007,0.1,0.052,0.08,1.99,2.07,0.012,7,,SSW,0.8,,
38201090,2023/11/02,19,0,0,0.009,0.009,0.1,0.043,0.20,2.00,2.20,0.032,11,,ESE,0.7,,
38201090,2023/11/02,20,0,0,0.010,0.010,0.2,0.033,0.09,2.00,2.09,0.023,12,,E,0.7,,
38201090,2023/11/02,21,0,0,0.007,0.007,0.1,0.033,0.11,2.01,2.12,0.003,11,,E,1.7,,
38201090,2023/11/02,22,0,0,0.006,0.006,0.1,0.035,0.09,2.01,2.10,0.001,9,,E,2.3,,
38201090,2023/11/02,23,0,0,0.005,0.005,0.1,0.034,0.09,2.02,2.11,0.002,13,,ENE,1.4,,
38201090,2023/11/02,24,0,0,0.005,0.005,0.1,0.034,0.09,2.03,2.12,0.003,12,,ENE,1.9,,
38201090,2023/11/03,01,0,0,0.004,0.004,0.1,0.035,0.08,2.03,2.11,0.010,14,,ENE,1.8,,
38201090,2023/11/03,02,0,0,0.004,0.004,0.1,0.037,0.07,2.03,2.10,0,15,,ENE,1.9,,
38201090,2023/11/03,03,0,0,0.004,0.004,0.1,0.036,0.08,2.04,2.12,0.009,14,,ENE,2.0,,
38201090,2023/11/03,04,0,0,0.004,0.004,0.1,0.036,0.07,2.04,2.11,0.026,15,,ENE,2.1,,
38201090,2023/11/03,05,0,0,0.005,0.005,0.1,0.033,0.07,2.04,2.11,0,14,,ENE,2.4,,
38201090,2023/11/03,06,0,0,0.005,0.005,0.1,0.034,0.07,2.04,2.11,0,11,,ENE,1.7,,
38201090,2023/11/03,07,0,0,0.006,0.006,0.2,0.033,0.08,2.04,2.12,0.020,10,,ENE,1.9,,
38201090,2023/11/03,08,0,0,0.008,0.008,0.2,0.033,0.08,2.04,2.12,0.004,16,,ENE,2.0,,
38201090,2023/11/03,09,0,0,0.006,0.006,0.2,0.041,0.07,2.03,2.10,0.004,18,,ENE,1.6,,
38201090,2023/11/03,10,0.001,0,0.006,0.006,0.1,0.049,0.08,2.02,2.10,0.012,27,,NNE,1.0,,
38201090,2023/11/03,11,0.009,0.001,0.015,0.016,0.1,0.043,0.08,2.01,2.09,0.013,31,,WNW,1.5,,
38201090,2023/11/03,12,0.001,0.001,0.013,0.014,-,0.046,0.08,2.01,2.09,0.010,27,,NW,1.9,,
38201090,2023/11/03,13,0.001,0,0.008,0.008,0.2,0.057,0.08,2.00,2.08,0.003,24,,NW,1.7,,
38201090,2023/11/03,14,0.001,0,0.005,0.005,0.2,0.064,0.07,2.01,2.08,0.005,28,,NW,1.7,,
38201090,2023/11/03,15,0.001,0,0.004,0.004,0.2,0.068,0.07,2.01,2.08,0.019,21,,WNW,1.8,,
38201090,2023/11/03,16,0.001,0,0.004,0.004,0.2,0.069,0.06,2.00,2.06,0.014,5,,WSW,1.0,,
38201090,2023/11/03,17,0.001,0,0.004,0.004,0.2,0.067,0.06,2.01,2.07,0.028,5,,CALM,0.3,,
38201090,2023/11/03,18,0.001,0,0.006,0.006,0.2,0.060,0.07,2.00,2.07,0,12,,ENE,0.8,,
38201090,2023/11/03,19,0.003,0,0.013,0.013,0.3,0.046,0.11,2.01,2.12,0.028,18,,ENE,1.3,,
38201090,2023/11/03,20,0.001,0,0.009,0.009,0.3,0.043,0.12,2.03,2.15,0.011,22,,E,0.6,,
38201090,2023/11/03,21,0,0,0.009,0.009,0.3,0.036,0.11,2.03,2.14,0.030,22,,E,1.5,,
38201090,2023/11/03,22,0,0,0.009,0.009,0.3,0.033,0.11,2.04,2.15,0.019,21,,E,1.2,,
38201090,2023/11/03,23,0,0,0.006,0.006,0.2,0.040,0.09,2.04,2.13,0,19,,E,1.9,,
38201090,2023/11/03,24,0,0,0.006,0.006,0.2,0.035,0.09,2.03,2.12,0.011,18,,ENE,2.7,,
38201090,2023/11/04,01,0,0,0.004,0.004,0.2,0.035,0.08,2.03,2.11,0.028,18,,E,2.2,,
38201090,2023/11/04,02,0,0,0.004,0.004,0.2,0.037,0.07,2.03,2.10,0,16,,E,2.2,,
38201090,2023/11/04,03,0,0,0.004,0.004,0.2,0.036,0.07,2.03,2.10,0.028,17,,ENE,2.2,,
38201090,2023/11/04,04,0,0,0.003,0.003,0.2,0.040,0.06,2.03,2.09,0.002,15,,E,2.6,,
38201090,2023/11/04,05,0,0,0.004,0.004,0.2,0.040,0.06,2.03,2.09,0,14,,ENE,2.1,,
38201090,2023/11/04,06,0,0,0.004,0.004,0.2,0.046,0.06,2.03,2.09,0.003,13,,ENE,2.3,,
38201090,2023/11/04,07,0,0,0.006,0.006,0.2,0.038,0.07,2.03,2.10,0,16,,E,2.4,,
38201090,2023/11/04,08,0,0,0.007,0.007,0.2,0.033,0.10,2.03,2.13,0.016,12,,ENE,2.1,,
38201090,2023/11/04,09,0,0.001,0.009,0.010,0.2,0.035,0.09,2.03,2.12,0.003,20,,E,1.7,,
38201090,2023/11/04,10,0,0,0.007,0.007,0.2,0.060,0.07,2.01,2.08,0.022,25,,NE,1.2,,
38201090,2023/11/04,11,0.003,0.001,0.010,0.011,0.2,0.048,0.08,2.00,2.08,0,32,,NW,1.6,,
38201090,2023/11/04,12,0.004,0,0.008,0.008,0.2,0.050,0.08,2.00,2.08,0.015,25,,N,3.6,,
38201090,2023/11/04,13,0.022,0.001,0.017,0.018,0.2,0.048,0.08,2.00,2.08,0.049,23,,N,2.0,,
38201090,2023/11/04,14,0.013,0,0.012,0.012,0.2,0.053,0.07,2.01,2.08,0.031,24,,NNW,2.5,,
38201090,2023/11/04,15,0.015,0,0.012,0.012,0.2,0.048,0.07,2.01,2.08,0.025,26,,NNE,2.2,,
38201090,2023/11/04,16,0.004,0,0.006,0.006,0.2,0.049,0.07,1.99,2.06,0.010,18,,NE,1.9,,
38201090,2023/11/04,17,0.001,0,0.004,0.004,0.2,0.052,0.07,2.00,2.07,0.005,16,,NE,1.3,,
38201090,2023/11/04,18,0.001,0,0.006,0.006,0.2,0.051,0.08,2.01,2.09,0.017,20,,SE,0.5,,
38201090,2023/11/04,19,0.001,0,0.006,0.006,0.2,0.059,0.08,2.02,2.10,0.017,25,,SE,1.6,,
38201090,2023/11/04,20,0.001,0,0.007,0.007,0.2,0.056,0.09,2.03,2.12,0.047,26,,E,1.0,,
38201090,2023/11/04,21,0.001,0,0.006,0.006,0.2,0.054,0.10,2.03,2.13,0.046,24,,E,1.5,,
38201090,2023/11/04,22,0,0,0.006,0.006,0.2,0.044,0.09,2.03,2.12,0.021,22,,ENE,1.3,,
38201090,2023/11/04,23,0,0,0.005,0.005,0.2,0.038,0.09,2.03,2.12,0,20,,E,1.7,,
38201090,2023/11/04,24,0,0,0.005,0.005,0.2,0.033,0.08,2.02,2.10,0,18,,ENE,1.6,,
38201090,2023/11/05,01,0,0,0.004,0.004,0.1,0.041,0.07,2.02,2.09,0,19,,E,2.5,,
38201090,2023/11/05,02,0,0,0.003,0.003,0.2,0.047,0.07,2.03,2.10,0.024,18,,ENE,2.2,,
38201090,2023/11/05,03,0,0,0.004,0.004,0.1,0.056,0.07,2.03,2.10,0.013,16,,ENE,2.2,,
38201090,2023/11/05,04,0,0,0.004,0.004,0.2,0.045,0.07,2.03,2.10,0.020,18,,ENE,2.0,,
38201090,2023/11/05,05,0,0,0.004,0.004,0.2,0.046,0.07,2.04,2.11,0.002,18,,ENE,1.9,,
38201090,2023/11/05,06,0,0,0.004,0.004,0.2,0.039,0.07,2.03,2.10,0.006,17,,ENE,1.2,,
38201090,2023/11/05,07,0.001,0,0.005,0.005,0.2,0.045,0.07,2.03,2.10,0.019,19,,E,1.2,,
38201090,2023/11/05,08,0.001,0,0.006,0.006,0.2,0.048,0.07,2.03,2.10,0.009,19,,E,1.6,,
38201090,2023/11/05,09,0.001,0,0.006,0.006,0.3,0.058,0.09,2.04,2.13,0.008,27,,ENE,1.5,,
38201090,2023/11/05,10,0.002,0,0.006,0.006,0.2,0.061,0.09,2.03,2.12,0.021,38,,N,1.1,,
38201090,2023/11/05,11,0.016,0.001,0.014,0.015,0.2,0.045,0.08,2.02,2.10,0.015,38,,NNW,2.7,,
38201090,2023/11/05,12,0.002,0,0.006,0.006,0.3,0.050,0.08,2.03,2.11,0.033,42,,NW,1.9,,
38201090,2023/11/05,13,0.002,0,0.006,0.006,0.3,0.056,0.08,2.03,2.11,0.033,37,,NW,2.1,,
38201090,2023/11/05,14,0.024,0.001,0.016,0.017,0.3,0.048,0.09,2.03,2.12,0,39,,N,3.4,,
38201090,2023/11/05,15,0.020,0.001,0.014,0.015,0.3,0.057,0.08,2.03,2.11,0.026,30,,NNW,3.3,,
38201090,2023/11/05,16,0.003,0,0.008,0.008,0.2,0.063,0.07,2.02,2.09,0.018,17,,NW,1.6,,
38201090,2023/11/05,17,0.003,0,0.009,0.009,0.2,0.058,0.07,2.02,2.09,0,19,,NW,0.5,,
38201090,2023/11/05,18,0.003,0,0.010,0.010,0.2,0.051,0.08,2.03,2.11,0.036,23,,CALM,0.3,,
38201090,2023/11/05,19,0.001,0,0.012,0.012,0.3,0.041,0.10,2.03,2.13,0.024,22,,SSE,0.5,,
38201090,2023/11/05,20,0.001,0,0.014,0.014,0.3,0.034,0.12,2.04,2.16,0.010,27,,ESE,0.6,,
38201090,2023/11/05,21,0.001,0,0.013,0.013,0.3,0.034,0.14,2.05,2.19,0.016,30,,ESE,0.4,,
38201090,2023/11/05,22,0.001,0,0.012,0.012,0.3,0.031,0.15,2.05,2.20,0.019,27,,CALM,0.2,,
38201090,2023/11/05,23,0,0,0.009,0.009,0.2,0.027,0.16,2.05,2.21,0.035,24,,SE,0.5,,
38201090,2023/11/05,24,0,0,0.008,0.008,0.2,0.024,0.12,2.04,2.16,0.014,17,,NE,0.4,,
38201090,2023/11/06,01,0,0,0.009,0.009,0.2,0.019,0.14,2.03,2.17,0.029,14,,SE,0.4,,
38201090,2023/11/06,02,0,0,0.009,0.009,0.2,0.018,0.12,2.04,2.16,0,17,,CALM,0,,
38201090,2023/11/06,03,0,0,0.009,0.009,0.2,0.016,0.13,2.04,2.17,0.009,19,,E,1.2,,
38201090,2023/11/06,04,0,0,0.011,0.011,0.2,0.014,0.15,2.08,2.23,0.008,13,,ESE,0.7,,
38201090,2023/11/06,05,0,0,0.010,0.010,0.2,0.014,0.13,2.05,2.18,0.006,11,,SE,0.9,,
38201090,2023/11/06,06,0,0,0.010,0.010,0.1,0.014,0.09,2.03,2.12,0.003,8,,ENE,1.1,,
38201090,2023/11/06,07,0,0.001,0.013,0.014,0.2,0.013,0.10,2.01,2.11,0.010,7,,SE,0.9,,
38201090,2023/11/06,08,0,0.002,0.016,0.018,0.2,0.011,0.18,2.02,2.20,0.024,13,,N,0.4,,
38201090,2023/11/06,09,0,0.009,0.023,0.032,0.4,0.007,0.29,2.02,2.31,0,11,,WSW,1.7,,
38201090,2023/11/06,10,0,0.001,0.008,0.009,0.1,0.026,0.11,1.97,2.08,0.003,8,,SSW,2.6,,
38201090,2023/11/06,11,0.001,0.001,0.006,0.007,0.1,0.028,0.08,1.96,2.04,0.010,18,,W,1.7,,
38201090,2023/11/06,12,0,0,0.005,0.005,0.1,0.027,0.13,1.96,2.09,0.003,-4,,SSW,3.8,,
38201090,2023/11/06,13,0,0,0.003,0.003,0.1,0.031,0.08,1.95,2.03,0,19,,SW,2.9,,
38201090,2023/11/06,14,-,-,-,-,-,-,-,-,-,-,-,,SW,4.5,,
38201090,2023/11/06,15,-,-,-,-,-,-,-,-,-,-,-,,S,1.6,,
38201090,2023/11/06,16,0,0,0.005,0.005,0.1,0.027,0.10,1.92,2.02,0.008,9,,SSW,1.1,,
38201090,2023/11/06,17,0,0,0.004,0.004,0.1,0.027,0.09,1.93,2.02,0.010,10,,SSW,3.9,,
38201090,2023/11/06,18,0,0,0.005,0.005,0.1,0.026,0.08,1.93,2.01,0.025,3,,SSW,4.5,,
38201090,2023/11/06,19,0.001,0,0.009,0.009,0.1,0.023,0.08,1.94,2.02,0.018,10,,W,3.8,,
38201090,2023/11/06,20,0,0,0.005,0.005,0.3,0.032,0.09,2.03,2.12,0.016,-5,,WSW,4.1,,
38201090,2023/11/06,21,0,0,0.005,0.005,0.2,0.032,0.09,2.03,2.12,0.013,9,,SW,3.9,,
38201090,2023/11/06,22,0,0,0.005,0.005,0.3,0.032,0.09,2.03,2.12,0.025,8,,WSW,4.0,,
38201090,2023/11/06,23,0,0,0.003,0.003,0.2,0.033,0.08,2.03,2.11,0.008,10,,WSW,4.2,,
38201090,2023/11/06,24,0,0,0.003,0.003,0.3,0.036,0.08,2.02,2.10,0.006,10,,WSW,5.2,,
38201090,2023/11/07,01,0,0,0.005,0.005,0.2,0.038,0.08,2.02,2.10,0.011,11,,W,4.0,,
38201090,2023/11/07,02,0,0,0.005,0.005,0.2,0.038,0.08,2.02,2.10,0.011,11,,W,4.5,,
38201090,2023/11/07,03,0,0,0.004,0.004,0.2,0.038,0.07,2.01,2.08,0.001,11,,W,4.1,,
38201090,2023/11/07,04,0,0,0.003,0.003,0.1,0.037,0.06,2.00,2.06,0.015,11,,W,3.8,,
38201090,2023/11/07,05,0,0,0.003,0.003,0.1,0.038,0.06,2.00,2.06,0.020,10,,W,3.4,,
38201090,2023/11/07,06,0,0,0.002,0.002,0.1,0.038,0.06,2.00,2.06,0.019,11,,W,2.4,,
38201090,2023/11/07,07,0,0,0.002,0.002,0.2,0.036,0.06,2.01,2.07,0,14,,W,3.6,,
38201090,2023/11/07,08,0,0,0.003,0.003,0.2,0.034,0.06,2.01,2.07,0.012,14,,WNW,2.4,,
38201090,2023/11/07,09,0,0,0.003,0.003,0.2,0.037,0.06,2.01,2.07,0.013,12,,WNW,2.4,,
38201090,2023/11/07,10,0,0,0.003,0.003,0.2,0.038,0.06,2.01,2.07,0.020,21,,W,2.8,,
38201090,2023/11/07,11,0,0,0.004,0.004,0.1,0.039,0.06,2.02,2.08,0.025,17,,W,4.1,,
38201090,2023/11/07,12,0,0,0.004,0.004,0.1,0.040,0.06,2.02,2.08,0.002,20,,W,4.5,,
38201090,2023/11/07,13,0,0,0.004,0.004,0.1,0.042,0.06,2.01,2.07,0,21,,WNW,2.4,,
38201090,2023/11/07,14,0,0,0.003,0.003,0.1,0.043,0.06,2.01,2.07,0.017,24,,W,2.2,,
38201090,2023/11/07,15,0,0,0.003,0.003,0.1,0.045,0.06,2.01,2.07,0.004,18,,SW,2.7,,
38201090,2023/11/07,16,0,0,0.003,0.003,0.1,0.045,0.06,2.01,2.07,0.022,7,,SSW,2.2,,
38201090,2023/11/07,17,0,0,0.004,0.004,0.1,0.043,0.06,2.01,2.07,0.017,5,,SW,0.6,,
38201090,2023/11/07,18,0,0,0.005,0.005,0.1,0.040,0.08,2.00,2.08,0.027,9,,W,0.8,,
38201090,2023/11/07,19,0,0,0.007,0.007,0.2,0.034,0.08,2.01,2.09,0.029,10,,E,2.0,,
38201090,2023/11/07,20,0,0,0.007,0.007,0.2,0.028,0.08,2.01,2.09,0.025,6,,E,1.2,,
38201090,2023/11/07,21,0,0,0.007,0.007,0.2,0.030,0.08,2.01,2.09,0,12,,NE,1.3,,
38201090,2023/11/07,22,0,0,0.006,0.006,0.2,0.037,0.09,2.02,2.11,0.013,9,,S,1.0,,
38201090,2023/11/07,23,0,0,0.007,0.007,0.2,0.026,0.09,2.03,2.12,0,11,,ESE,1.3,,
38201090,2023/11/07,24,0,0,0.006,0.006,0.2,0.024,0.09,2.03,2.12,0,10,,ENE,1.3,,
38201090,2023/11/08,01,0,0,0.005,0.005,0.2,0.025,0.08,2.03,2.11,0.019,10,,ENE,1.1,,
38201090,2023/11/08,02,0,-,-,-,0.2,0.021,0.08,2.03,2.11,0.012,12,,ENE,0.5,,
38201090,2023/11/08,03,0,0,0.006,0.006,0.2,0.018,0.08,2.04,2.12,0,10,,SE,0.5,,
38201090,2023/11/08,04,0,0,0.008,0.008,0.2,0.018,0.09,2.05,2.14,0.013,10,,NE,0.5,,
38201090,2023/11/08,05,0,0,0.008,0.008,0.2,0.014,0.08,2.04,2.12,0,9,,CALM,0.3,,
38201090,2023/11/08,06,0,0.001,0.011,0.012,0.2,0.010,0.08,2.05,2.13,0,7,,CALM,0.3,,
38201090,2023/11/08,07,0,0.001,0.013,0.014,0.3,0.010,0.09,2.05,2.14,0.002,7,,ENE,1.7,,
38201090,2023/11/08,08,0,0.002,0.011,0.013,0.3,0.016,0.08,2.04,2.12,0.003,7,,E,1.3,,
38201090,2023/11/08,09,0.001,0.002,0.010,0.012,0.3,0.028,0.07,2.03,2.10,0.007,17,,ESE,1.2,,
38201090,2023/11/08,10,0.001,0.001,0.007,0.008,0.3,0.038,0.06,2.02,2.08,0,17,,NE,1.2,,
38201090,2023/11/08,11,0.014,0.003,0.016,0.019,0.2,0.033,0.08,2.02,2.10,0.025,20,,NNW,1.4,,
38201090,2023/11/08,12,0.011,0.001,0.012,0.013,0.2,0.040,0.07,2.01,2.08,0.001,23,,NNW,1.6,,
38201090,2023/11/08,13,0.003,0,0.007,0.007,0.2,0.046,0.06,2.00,2.06,0,25,,WNW,1.7,,
38201090,2023/11/08,14,0.001,0,0.005,0.005,0.1,0.050,0.05,2.00,2.05,0.005,18,,NNW,2.7,,
38201090,2023/11/08,15,0.004,0,0.007,0.007,0.2,0.050,0.07,2.00,2.07,0.010,10,,NNW,3.4,,
38201090,2023/11/08,16,0.002,0,0.006,0.006,0.2,0.051,0.06,2.00,2.06,0.015,3,,NNW,2.9,,
38201090,2023/11/08,17,0.006,0,0.009,0.009,0.2,0.046,0.07,2.00,2.07,0,4,,NNE,1.2,,
38201090,2023/11/08,18,0.001,0,0.008,0.008,0.2,0.045,0.09,2.00,2.09,0.009,13,,ESE,1.4,,
38201090,2023/11/08,19,0.001,0,0.011,0.011,0.2,0.052,0.08,2.02,2.10,0.009,11,,E,2.2,,
38201090,2023/11/08,20,0,0,0.011,0.011,0.2,0.047,0.08,2.02,2.10,0.019,11,,E,2.3,,
38201090,2023/11/08,21,0,0,0.008,0.008,0.2,0.057,0.08,2.02,2.10,0.022,10,,E,2.3,,
38201090,2023/11/08,22,0,0,0.007,0.007,0.2,0.051,0.08,2.03,2.11,0,11,,ENE,1.9,,
38201090,2023/11/08,23,0,0,0.006,0.006,0.2,0.044,0.08,2.03,2.11,0.010,9,,ENE,2.4,,
38201090,2023/11/08,24,0,0,0.006,0.006,0.2,0.040,0.07,2.03,2.10,0,12,,ENE,2.0,,
38201090,2023/11/09,01,0,0,0.005,0.005,0.2,0.043,0.07,2.03,2.10,0,15,,E,2.0,,
38201090,2023/11/09,02,0,0,0.005,0.005,0.2,0.032,0.07,2.03,2.10,0.003,12,,E,2.0,,
38201090,2023/11/09,03,0,0,0.005,0.005,0.2,0.032,0.07,2.03,2.10,0,11,,E,1.2,,
38201090,2023/11/09,04,0,0,0.006,0.006,0.2,0.027,0.07,2.03,2.10,0.015,11,,ENE,1.4,,
38201090,2023/11/09,05,0,0,0.007,0.007,0.2,0.028,0.08,2.03,2.11,0,9,,ENE,2.0,,
38201090,2023/11/09,06,0,0,0.007,0.007,0.2,0.045,0.07,2.03,2.10,0,11,,E,2.1,,
38201090,2023/11/09,07,0,0,0.009,0.009,0.2,0.044,0.07,2.03,2.10,0.020,9,,ENE,1.8,,
38201090,2023/11/09,08,0,0.001,0.015,0.016,0.3,0.044,0.09,2.03,2.12,0.025,11,,E,1.1,,
38201090,2023/11/09,09,0,0.002,0.018,0.020,0.4,0.041,0.15,2.03,2.18,0.009,14,,E,1.6,,
38201090,2023/11/09,10,0,0.003,0.017,0.020,0.3,0.040,0.14,2.03,2.17,0,17,,ENE,1.4,,
38201090,2023/11/09,11,0.002,0.001,0.010,0.011,0.2,0.039,0.09,2.01,2.10,0,25,,WSW,0.6,,
38201090,2023/11/09,12,0.008,0.001,0.012,0.013,0.1,0.039,0.15,2.00,2.15,0.011,27,,WNW,1.7,,
38201090,2023/11/09,13,0.003,0,0.008,0.008,0.1,0.043,0.08,2.00,2.08,0.009,15,,NNW,2.4,,
38201090,2023/11/09,14,0.002,0,0.009,0.009,0.4,0.043,0.09,2.00,2.09,0.010,10,,NNW,2.0,,
38201090,2023/11/09,15,0.011,0.001,0.014,0.015,0.2,0.038,0.08,2.00,2.08,0.014,11,,WNW,1.2,,
38201090,2023/11/09,16,0.009,0.001,0.016,0.017,0.2,0.036,0.09,2.00,2.09,0.019,15,,NNW,1.1,,
38201090,2023/11/09,17,0.009,0.001,0.019,0.020,0.2,0.033,0.10,2.00,2.10,0.004,18,,NW,0.5,,
38201090,2023/11/09,18,0.002,0,0.023,0.023,0.3,0.022,0.20,2.00,2.20,0.025,18,,CALM,0.2,,
38201090,2023/11/09,19,0.001,0,0.025,0.025,0.4,0.014,0.49,2.01,2.50,0.012,17,,ESE,0.9,,
38201090,2023/11/09,20,0.001,0.001,0.024,0.025,0.4,0.013,0.22,2.03,2.25,0,22,,E,2.0,,
38201090,2023/11/09,21,0,0,0.015,0.015,0.2,0.020,0.14,2.02,2.16,0.019,18,,ENE,1.5,,
38201090,2023/11/09,22,0,0,0.011,0.011,0.2,0.023,0.12,2.01,2.13,0.015,14,,ENE,0.9,,
38201090,2023/11/09,23,0,0,0.010,0.010,0.2,0.025,0.13,2.02,2.15,0.013,15,,E,0.8,,
38201090,2023/11/09,24,-,-,-,-,-,-,-,-,-,-,-,,-,-,,
38201090,2023/11/10,01,0,0,0.006,0.006,0.1,0.022,0.10,2.00,2.10,0,9,,E,0.6,,
38201090,2023/11/10,02,0,0,0.005,0.005,0.1,0.022,0.09,2.00,2.09,0.001,10,,ENE,0.6,,
38201090,2023/11/10,03,0,0,0.005,0.005,0.1,0.018,0.10,2.00,2.10,0.022,12,,SE,0.9,,
38201090,2023/11/10,04,0,0,0.007,0.007,0.1,0.016,0.09,2.01,2.10,0,6,,E,0.7,,
38201090,2023/11/10,05,0,0,0.008,0.008,0.1,0.014,0.09,2.01,2.10,0.006,5,,E,1.2,,
38201090,2023/11/10,06,0,0,0.010,0.010,0.1,0.021,0.09,2.01,2.10,0,8,,ESE,1.6,,
38201090,2023/11/10,07,0,0,0.006,0.006,0.1,0.023,0.07,1.99,2.06,0,6,,E,2.3,,
38201090,2023/11/10,08,0,0.001,0.010,0.011,0.2,0.018,0.09,1.99,2.08,0.009,7,,E,1.6,,
38201090,2023/11/10,09,0,0.001,0.012,0.013,0.2,0.020,0.09,1.97,2.06,0.011,7,,E,1.2,,
38201090,2023/11/10,10,0,0.004,0.018,0.022,0.3,0.013,0.13,1.98,2.11,0,9,,E,1.2,,
38201090,2023/11/10,11,0,0.002,0.012,0.014,0.2,0.016,0.12,1.97,2.09,0.026,8,,E,1.6,,
38201090,2023/11/10,12,0,0.003,0.014,0.017,0.2,0.013,0.11,1.97,2.08,0.014,4,,CALM,0.3,,
38201090,2023/11/10,13,0.001,0.001,0.009,0.010,0.1,0.024,0.10,1.96,2.06,0.011,1,,ESE,1.1,,
38201090,2023/11/10,14,0,0.001,0.010,0.011,0.1,0.026,0.15,1.96,2.11,0,4,,ESE,0.8,,
38201090,2023/11/10,15,0,0.002,0.011,0.013,0.1,0.028,0.12,1.96,2.08,0.035,5,,CALM,0,,
38201090,2023/11/10,16,0,0.002,0.012,0.014,0.1,0.027,0.10,1.96,2.06,0,8,,SE,1.1,,
38201090,2023/11/10,17,0,0.002,0.016,0.018,0.2,0.022,0.14,1.97,2.11,0.022,7,,E,1.3,,
38201090,2023/11/10,18,0,0.003,0.023,0.026,0.2,0.017,0.14,1.97,2.11,0.014,6,,E,0.7,,
38201090,2023/11/10,19,0,0.003,0.023,0.026,0.3,0.017,0.15,1.97,2.12,0,8,,ESE,0.5,,
38201090,2023/11/10,20,0,0.003,0.024,0.027,0.3,0.014,0.17,1.98,2.15,0.017,7,,NNW,1.1,,
38201090,2023/11/10,21,0,0.003,0.012,0.015,0.2,0.026,0.10,1.99,2.09,0.011,3,,NNE,2.6,,
38201090,2023/11/10,22,0.006,0.003,0.014,0.017,0.2,0.031,0.08,2.00,2.08,0,7,,NNE,2.3,,
38201090,2023/11/10,23,0.001,0.002,0.007,0.009,0.2,0.033,0.08,2.01,2.09,0.041,9,,NE,0.9,,
38201090,2023/11/10,24,0,0.002,0.007,0.009,0.2,0.025,0.09,2.02,2.11,0.004,8,,CALM,0,,
38201090,2023/11/11,01,0,0.003,0.007,0.010,0.2,0.019,0.10,2.03,2.13,0.006,8,,E,0.4,,
38201090,2023/11/11,02,0,0.003,0.008,0.011,0.2,0.018,0.10,2.03,2.13,0,6,,E,1.0,,
38201090,2023/11/11,03,0,0.003,0.006,0.009,0.2,0.016,0.08,2.03,2.11,0.024,6,,E,1.4,,
38201090,2023/11/11,04,0,0.003,0.006,0.009,0.2,0.016,0.08,2.03,2.11,0,7,,E,0.7,,
38201090,2023/11/11,05,0,0.003,0.007,0.010,0.2,0.017,0.08,2.03,2.11,0,9,,E,1.1,,
38201090,2023/11/11,06,0,0.003,0.009,0.012,0.2,0.016,0.08,2.04,2.12,0,7,,E,0.8,,
38201090,2023/11/11,07,0,0.003,0.010,0.013,0.2,0.014,0.08,2.04,2.12,0.002,6,,ENE,0.4,,
38201090,2023/11/11,08,0,0.007,0.014,0.021,0.3,0.015,0.12,2.04,2.16,0.001,7,,E,0.8,,
38201090,2023/11/11,09,0,0.007,0.012,0.019,0.3,0.020,0.11,2.03,2.14,0,6,,NE,2.5,,
38201090,2023/11/11,10,0,0.003,0.007,0.010,0.2,0.030,0.07,2.02,2.09,0,7,,N,2.9,,
38201090,2023/11/11,11,0.001,0.003,0.007,0.010,0.1,0.032,0.07,2.01,2.08,0.013,5,,NNW,2.6,,
38201090,2023/11/11,12,0.007,0.004,0.011,0.015,0.1,0.032,0.07,2.01,2.08,0.018,10,,N,3.1,,
38201090,2023/11/11,13,0.004,0.004,0.009,0.013,0.1,0.035,0.07,2.00,2.07,0,12,,NNW,2.8,,
38201090,2023/11/11,14,0,0.003,0.005,0.008,0.1,0.040,0.06,2.00,2.06,0.012,14,,NNW,2.5,,
38201090,2023/11/11,15,0.001,0.003,0.005,0.008,0.1,0.041,0.05,2.00,2.05,0,10,,WNW,1.7,,
38201090,2023/11/11,16,0,0.003,0.004,0.007,0.1,0.042,0.05,2.00,2.05,0.008,4,,NW,1.4,,
38201090,2023/11/11,17,0.001,0.003,0.005,0.008,0.1,0.040,0.05,2.00,2.05,0.004,-2,,NW,0.7,,
38201090,2023/11/11,18,0,0.003,0.006,0.009,0.1,0.036,0.06,2.00,2.06,0,2,,WSW,1.0,,
38201090,2023/11/11,19,0,0.003,0.008,0.011,0.1,0.033,0.07,2.00,2.07,0,2,,E,1.8,,
38201090,2023/11/11,20,0,0.003,0.009,0.012,0.2,0.023,0.07,2.01,2.08,0.002,0,,E,1.9,,
38201090,2023/11/11,21,0,0.003,0.007,0.010,0.2,0.023,0.07,2.01,2.08,0,2,,E,1.7,,
38201090,2023/11/11,22,0,0.003,0.007,0.010,0.2,0.020,0.07,2.01,2.08,0,4,,E,2.2,,
38201090,2023/11/11,23,0,0.003,0.006,0.009,0.2,0.022,0.07,2.02,2.09,0,4,,E,1.8,,
38201090,2023/11/11,24,0,0.003,0.006,0.009,0.2,0.020,0.07,2.02,2.09,0,6,,ENE,0.9,,
38201090,2023/11/12,01,0,0.003,0.006,0.009,0.1,0.028,0.07,2.01,2.08,0.005,4,,WSW,2.3,,
38201090,2023/11/12,02,0,0.003,0.005,0.008,0.1,0.031,0.05,2.00,2.05,0,8,,WSW,3.0,,
38201090,2023/11/12,03,0.001,0.003,0.009,0.012,0.1,0.026,0.06,2.01,2.07,0,6,,W,1.5,,
38201090,2023/11/12,04,0,0.003,0.009,0.012,0.1,0.026,0.06,2.00,2.06,0.010,4,,WNW,1.4,,
38201090,2023/11/12,05,0,0.003,0.006,0.009,0.1,0.030,0.05,2.01,2.06,0.005,5,,WNW,1.0,,
38201090,2023/11/12,06,0,0.003,0.008,0.011,0.1,0.023,0.07,2.02,2.09,0,4,,NW,1.0,,
38201090,2023/11/12,07,0,0.003,0.010,0.013,0.2,0.021,0.07,2.02,2.09,0.010,3,,NNE,0.7,,
38201090,2023/11/12,08,0.001,0.003,0.006,0.009,0.1,0.031,0.06,2.01,2.07,0.011,5,,N,3.1,,
38201090,2023/11/12,09,0.006,0.004,0.014,0.018,0.1,0.030,0.06,2.01,2.07,0.006,0,,N,3.1,,
38201090,2023/11/12,10,0.003,0.004,0.011,0.015,0.2,0.031,0.07,2.01,2.08,0.020,6,,NNE,2.1,,
38201090,2023/11/12,11,0.002,0.003,0.007,0.010,0.1,0.034,0.06,2.01,2.07,0.007,3,,NNW,2.4,,
38201090,2023/11/12,12,0.001,0.003,0.004,0.007,0.2,0.035,0.05,2.02,2.07,0.006,6,,NW,2.6,,
38201090,2023/11/12,13,0,0.003,0.004,0.007,0.2,0.034,0.05,2.02,2.07,0,5,,W,2.8,,
38201090,2023/11/12,14,0,0.003,0.005,0.008,0.2,0.034,0.05,2.03,2.08,0.009,7,,W,3.1,,
38201090,2023/11/12,15,0,0.003,0.005,0.008,0.2,0.036,0.05,2.03,2.08,0.018,8,,WNW,2.7,,
38201090,2023/11/12,16,0,0.003,0.005,0.008,0.2,0.038,0.05,2.03,2.08,0.018,5,,W,3.8,,
38201090,2023/11/12,17,0,0.003,0.005,0.008,0.2,0.040,0.04,2.02,2.06,0.025,7,,WNW,2.8,,
38201090,2023/11/12,18,0,0.003,0.004,0.007,0.2,0.041,0.04,2.01,2.05,0.011,3,,WNW,2.8,,
38201090,2023/11/12,19,0,0.003,0.003,0.006,0.2,0.041,0.03,2.01,2.04,0,3,,WNW,3.1,,
38201090,2023/11/12,20,0,0.003,0.003,0.006,0.2,0.042,0.03,2.02,2.05,0,3,,WNW,3.1,,
38201090,2023/11/12,21,0,0.003,0.003,0.006,0.2,0.043,0.03,2.01,2.04,0.005,3,,W,3.4,,
38201090,2023/11/12,22,0,0.003,0.003,0.006,0.2,0.043,0.02,2.02,2.04,0.022,5,,WNW,2.3,,
38201090,2023/11/12,23,0,0.003,0.002,0.005,0.2,0.043,0.02,2.02,2.04,0.009,6,,WNW,2.4,,
38201090,2023/11/12,24,0,0.003,0.002,0.005,0.2,0.042,0.02,2.02,2.04,0,5,,WNW,2.6,,
38201090,2023/11/13,01,0,0.003,0.003,0.006,0.2,0.042,0.03,2.02,2.05,0.003,7,,WNW,3.0,,
38201090,2023/11/13,02,0,0.003,0.003,0.006,0.2,0.041,0.03,2.02,2.05,0.017,4,,WNW,1.8,,
38201090,2023/11/13,03,0,0.003,0.004,0.007,0.2,0.039,0.03,2.02,2.05,0,4,,NW,2.5,,
38201090,2023/11/13,04,0.001,0.003,0.002,0.005,0.2,0.041,0.03,2.02,2.05,0,5,,NW,1.9,,
38201090,2023/11/13,05,0.001,0.003,0.002,0.005,0.2,0.040,0.03,2.02,2.05,0.027,3,,NNW,3.3,,
38201090,2023/11/13,06,0.001,0.003,0.003,0.006,0.2,0.039,0.03,2.03,2.06,0,8,,NW,1.5,,
38201090,2023/11/13,07,0.001,0.003,0.004,0.007,0.2,0.038,0.03,2.03,2.06,0,2,,NW,2.1,,
38201090,2023/11/13,08,0.001,0.004,0.004,0.008,0.2,0.037,0.04,2.03,2.07,0,4,,WNW,2.1,,
38201090,2023/11/13,09,0.001,0.003,0.004,0.007,0.2,0.038,0.04,2.02,2.06,0.016,6,,W,2.9,,
38201090,2023/11/13,10,0,0.004,0.005,0.009,0.2,0.037,0.04,2.02,2.06,0.014,8,,NW,2.1,,
38201090,2023/11/13,11,0.001,0.004,0.006,0.010,0.2,0.036,0.04,2.02,2.06,0.002,3,,NW,3.7,,
38201090,2023/11/13,12,0.001,0.004,0.005,0.009,0.2,0.037,0.04,2.02,2.06,0,5,,NNW,2.9,,
38201090,2023/11/13,13,0.004,0.006,0.014,0.020,0.2,0.032,0.05,2.02,2.07,0.010,-1,,N,3.3,,
38201090,2023/11/13,14,0.001,0.004,0.006,0.010,0.2,0.036,0.04,2.02,2.06,0.005,12,,NNE,3.0,,
38201090,2023/11/13,15,0.001,0.004,0.006,0.010,0.2,0.036,0.05,2.02,2.07,0.003,3,,NE,3.5,,
38201090,2023/11/13,16,0.001,0.004,0.007,0.011,0.1,0.035,0.04,2.01,2.05,0,0,,E,1.5,,
38201090,2023/11/13,17,0.001,0.003,0.008,0.011,0.2,0.031,0.04,2.02,2.06,0,-3,,SE,1.4,,
38201090,2023/11/13,18,0.001,0.003,0.011,0.014,0.2,0.025,0.06,2.02,2.08,0,-1,,ESE,1.1,,
38201090,2023/11/13,19,0,0.003,0.011,0.014,0.2,0.022,0.06,2.02,2.08,0.005,3,,ENE,2.2,,
38201090,2023/11/13,20,0,0.004,0.011,0.015,0.2,0.020,0.06,2.02,2.08,0.026,0,,E,2.2,,
38201090,2023/11/13,21,0,0.004,0.009,0.013,0.2,0.021,0.06,2.04,2.10,0,3,,E,1.9,,
38201090,2023/11/13,22,0,0.004,0.007,0.011,0.2,0.018,0.06,2.04,2.10,0.010,2,,E,1.7,,
38201090,2023/11/13,23,0,0.004,0.006,0.010,0.1,0.018,0.05,2.04,2.09,0,0,,ENE,1.8,,
38201090,2023/11/13,24,0,0.004,0.005,0.009,0.2,0.016,0.05,2.04,2.09,0,5,,E,2.7,,
38201090,2023/11/14,01,0.001,0.003,0.005,0.008,0.1,0.015,0.05,2.05,2.10,0.004,3,,E,2.4,,
38201090,2023/11/14,02,0,0.004,0.005,0.009,0.1,0.017,0.04,2.05,2.09,0,1,,NE,0.9,,
38201090,2023/11/14,03,0,0.004,0.005,0.009,0.1,0.017,0.04,2.05,2.09,0.006,3,,ENE,1.4,,
38201090,2023/11/14,04,0,0.004,0.008,0.012,0.1,0.014,0.04,2.05,2.09,0,1,,ENE,1.8,,
38201090,2023/11/14,05,0,0.004,0.008,0.012,0.1,0.014,0.04,2.05,2.09,0,1,,ENE,1.7,,
38201090,2023/11/14,06,0.001,0.004,0.010,0.014,0.1,0.013,0.04,2.05,2.09,0,2,,E,1.5,,
38201090,2023/11/14,07,0.001,0.005,0.013,0.018,0.2,0.013,0.05,2.05,2.10,0,2,,ENE,1.6,,
38201090,2023/11/14,08,0.001,0.007,0.015,0.022,0.2,0.014,0.08,2.04,2.12,0.003,2,,E,2.6,,
38201090,2023/11/14,09,0.001,0.007,0.015,0.022,0.2,0.022,0.09,2.04,2.13,0,9,,E,2.0,,
38201090,2023/11/14,10,0.001,0.006,0.014,0.020,0.2,0.027,0.06,2.03,2.09,0.004,14,,ESE,1.6,,
38201090,2023/11/14,14,0.001,0.004,0.008,0.012,0.1,0.039,0.03,2.01,2.04,0,15,,WSW,1.9,,
38201090,2023/11/14,15,0.001,0.003,0.007,0.010,0.1,0.040,0.04,2.01,2.05,0.024,10,,WNW,1.7,,
38201090,2023/11/14,16,0.001,0.003,0.007,0.010,0.1,0.044,0.03,2.00,2.03,0,-9,,WNW,1.3,,
38201090,2023/11/14,17,0,0.003,0.008,0.011,0.1,0.042,0.04,2.00,2.04,0,-4,,WNW,0.5,,
38201090,2023/11/14,18,0.001,0.003,0.010,0.013,0.2,0.035,0.10,2.01,2.11,0,0,,ESE,0.4,,
38201090,2023/11/14,19,0,0.003,0.019,0.022,0.3,0.025,0.12,2.02,2.14,0.031,4,,E,1.4,,
38201090,2023/11/14,20,0,0.004,0.013,0.017,0.2,0.023,0.07,2.02,2.09,0,3,,E,1.9,,
38201090,2023/11/14,21,0.001,0.003,0.010,0.013,0.2,0.025,0.06,2.02,2.08,0,4,,E,2.3,,
38201090,2023/11/14,22,0,0.004,0.009,0.013,0.2,0.024,0.06,2.03,2.09,0,2,,ENE,2.4,,
38201090,2023/11/14,23,0,0.003,0.007,0.010,0.1,0.025,0.06,2.02,2.08,0.015,4,,ENE,2.0,,
38201090,2023/11/14,24,0,0.003,0.006,0.009,0.1,0.026,0.06,2.03,2.09,0.009,5,,ENE,2.0,,
38201090,2023/11/15,01,0.001,0.003,0.004,0.007,0.1,0.027,0.05,2.03,2.08,0.005,7,,ENE,2.4,,
38201090,2023/11/15,02,0.001,-,-,-,0.1,0.027,0.05,2.03,2.08,0.013,7,,ENE,1.4,,
38201090,2023/11/15,03,0.001,0,0.005,0.005,0.1,0.025,0.05,2.03,2.08,0,7,,ENE,1.5,,
38201090,2023/11/15,04,0.001,0,0.006,0.006,0.1,0.022,0.05,2.03,2.08,0.006,8,,ESE,1.0,,
38201090,2023/11/15,05,0,0,0.009,0.009,0.1,0.021,0.06,2.03,2.09,0,5,,E,2.1,,
38201090,2023/11/15,06,0,0,0.009,0.009,0.1,0.021,0.06,2.03,2.09,0,5,,E,1.8,,
38201090,2023/11/15,07,0,0,0.014,0.014,0.2,0.020,0.06,2.03,2.09,0.008,7,,E,1.4,,
38201090,2023/11/15,08,0.001,0.002,0.019,0.021,0.2,0.018,0.07,2.02,2.09,0,10,,ENE,1.3,,
38201090,2023/11/15,09,0.001,0.005,0.025,0.030,0.3,0.014,0.10,2.03,2.13,0,10,,E,1.0,,
38201090,2023/11/15,10,0.001,0.006,0.023,0.029,0.2,0.021,0.08,2.02,2.10,0.009,11,,E,1.7,,
38201090,2023/11/15,11,0.001,0.001,0.011,0.012,0.2,0.035,0.06,2.02,2.08,0,13,,WSW,1.6,,
38201090,2023/11/15,12,0.001,0,0.007,0.007,0.2,0.043,0.06,2.01,2.07,0.013,16,,WSW,2.0,,
38201090,2023/11/15,13,0.001,0.001,0.009,0.010,0.1,0.042,0.06,2.00,2.06,0,15,,WNW,2.0,,
38201090,2023/11/15,14,0.001,0,0.008,0.008,0.1,0.042,0.06,2.00,2.06,0,17,,W,2.2,,
38201090,2023/11/15,15,0.001,0,0.006,0.006,0.1,0.046,0.06,2.00,2.06,0,14,,NW,1.5,,
38201090,2023/11/15,16,0.001,0,0.006,0.006,0.1,0.047,0.05,2.00,2.05,0.016,-1,,WNW,1.2,,
38201090,2023/11/15,17,0.001,0,0.006,0.006,0.1,0.045,0.05,2.00,2.05,0.007,1,,NW,0.7,,
38201090,2023/11/15,18,0.001,0,0.010,0.010,0.1,0.040,0.13,2.00,2.13,0.015,4,,SSE,1.2,,
38201090,2023/11/15,19,0,0,0.016,0.016,0.2,0.032,0.09,2.02,2.11,0,3,,E,1.5,,
38201090,2023/11/15,20,0,0,0.018,0.018,0.2,0.024,0.09,2.01,2.10,0,7,,E,1.9,,
38201090,2023/11/15,21,0,0,0.009,0.009,0.2,0.029,0.07,2.02,2.09,0,4,,E,2.4,,
38201090,2023/11/15,22,0.001,0,0.009,0.009,0.2,0.027,0.07,2.02,2.09,0,8,,E,2.2,,
38201090,2023/11/15,23,0,0,0.008,0.008,0.2,0.027,0.07,2.03,2.10,0.001,8,,ENE,2.4,,
38201090,2023/11/15,24,0.001,0,0.008,0.008,0.2,0.028,0.07,2.03,2.10,0.033,5,,E,2.3,,
38201090,2023/11/16,01,0.001,0,0.008,0.008,0.2,0.028,0.06,2.04,2.10,0.013,8,,E,1.9,,
38201090,2023/11/16,02,0.001,0,0.007,0.007,0.2,0.025,0.06,2.04,2.10,0.021,7,,ENE,1.7,,
38201090,2023/11/16,03,0,0,0.007,0.007,0.1,0.026,0.06,2.03,2.09,0.002,7,,ENE,1.8,,
38201090,2023/11/16,04,0,0,0.008,0.008,0.1,0.025,0.06,2.03,2.09,0,7,,E,2.2,,
38201090,2023/11/16,05,0,0,0.010,0.010,0.1,0.027,0.05,2.03,2.08,0.001,9,,ENE,1.6,,
38201090,2023/11/16,06,0,0,0.011,0.011,0.2,0.022,0.06,2.03,2.09,0,8,,ENE,1.5,,
38201090,2023/11/16,07,0,0.001,0.012,0.013,0.2,0.021,0.06,2.03,2.09,0,7,,ENE,1.9,,
38201090,2023/11/16,08,0,0.003,0.022,0.025,0.3,0.016,0.08,2.03,2.11,0.011,9,,E,2.2,,
38201090,2023/11/16,09,0,0.004,0.022,0.026,0.3,0.018,0.08,2.03,2.11,0,15,,E,1.9,,
38201090,2023/11/16,10,0.001,0.006,0.024,0.030,0.3,0.020,0.10,2.03,2.13,0,17,,E,1.6,,
38201090,2023/11/16,11,0.001,0.003,0.017,0.020,0.2,0.032,0.08,2.02,2.10,0,21,,ENE,1.3,,
38201090,2023/11/16,12,0.002,0.001,0.011,0.012,0.2,0.039,0.07,2.01,2.08,0,22,,NW,1.2,,
38201090,2023/11/16,13,0.001,0.002,0.010,0.012,0.1,0.042,0.06,2.00,2.06,0.004,14,,W,1.0,,
38201090,2023/11/16,14,0.001,0,0.007,0.007,0.1,0.043,0.06,2.00,2.06,0,10,,NW,0.9,,
38201090,2023/11/16,15,0.002,0,0.010,0.010,0.1,0.041,0.06,2.00,2.06,0,6,,CALM,0.3,,
38201090,2023/11/16,16,0.005,0,0.017,0.017,0.1,0.036,0.07,2.00,2.07,0.013,10,,NE,1.1,,
38201090,2023/11/16,17,0.002,0,0.017,0.017,0.2,0.036,0.09,2.00,2.09,0,9,,E,1.0,,
38201090,2023/11/16,18,0.001,0,0.019,0.019,0.2,0.034,0.09,2.01,2.10,0,15,,E,1.3,,
38201090,2023/11/16,19,0,0,0.009,0.009,0.2,0.037,0.08,1.99,2.07,0.014,1,,SSW,1.8,,
38201090,2023/11/16,20,0,0,0.009,0.009,0.2,0.034,0.07,1.98,2.05,0,6,,SE,1.2,,
38201090,2023/11/16,21,0,0,0.010,0.010,0.2,0.031,0.08,1.99,2.07,0.016,9,,SW,1.7,,
38201090,2023/11/16,22,0.001,0,0.006,0.006,0.1,0.040,0.06,1.98,2.04,0,4,,SSE,1.4,,
38201090,2023/11/16,23,0,0,0.006,0.006,0.1,0.038,0.06,1.98,2.04,0.009,4,,SE,1.4,,
38201090,2023/11/16,24,0,0,0.005,0.005,0.1,0.040,0.05,1.98,2.03,0.008,4,,SW,5.0,,
38201090,2023/11/17,01,0,0,0.004,0.004,0.2,0.041,0.05,2.00,2.05,0.001,1,,WNW,3.2,,
38201090,2023/11/17,02,0,0,0.006,0.006,0.2,0.043,0.06,2.02,2.08,0,1,,WNW,1.9,,
38201090,2023/11/17,03,0,0,0.005,0.005,0.2,0.042,0.06,2.02,2.08,0,5,,SW,0.5,,
38201090,2023/11/17,04,0,0,0.007,0.007,0.2,0.039,0.06,2.03,2.09,0,5,,SE,1.1,,
38201090,2023/11/17,05,0,0,0.007,0.007,0.2,0.036,0.06,2.03,2.09,0.003,3,,WSW,0.7,,
38201090,2023/11/17,06,0,0,0.008,0.008,0.2,0.037,0.06,2.04,2.10,0,6,,WNW,1.6,,
38201090,2023/11/17,07,0.001,0,0.007,0.007,0.3,0.042,0.06,2.09,2.15,0,8,,WNW,2.3,,
38201090,2023/11/17,08,0.001,0,0.006,0.006,0.3,0.041,0.06,2.09,2.15,0.005,7,,WNW,2.5,,
38201090,2023/11/17,09,0.001,0,0.006,0.006,0.3,0.041,0.06,2.08,2.14,0,10,,W,3.0,,
38201090,2023/11/17,10,0,0,0.006,0.006,0.3,0.042,0.06,2.08,2.14,0.013,10,,NW,1.9,,
38201090,2023/11/17,11,0,0,0.006,0.006,0.2,0.041,0.06,2.07,2.13,0.010,17,,W,2.6,,
38201090,2023/11/17,12,0,0,0.007,0.007,0.2,0.038,0.05,2.06,2.11,0.010,7,,W,3.4,,
38201090,2023/11/17,13,0.001,0,0.008,0.008,0.2,0.037,0.05,2.05,2.10,0,6,,W,6.1,,
38201090,2023/11/17,14,0,0,0.008,0.008,0.2,0.036,0.05,2.04,2.09,0.019,-2,,WNW,3.0,,
38201090,2023/11/17,15,0,0,0.006,0.006,0.2,0.038,0.05,2.03,2.08,0.003,7,,W,4.6,,
38201090,2023/11/17,16,0,0,0.006,0.006,0.2,0.037,0.05,2.02,2.07,0,7,,W,4.1,,
38201090,2023/11/17,17,0.001,0,0.005,0.005,0.2,0.039,0.05,2.01,2.06,0,-1,,W,2.9,,
38201090,2023/11/17,18,0,0,0.006,0.006,0.2,0.038,0.05,2.01,2.06,0.007,4,,WNW,2.5,,
38201090,2023/11/17,19,0,0,0.005,0.005,0.2,0.039,0.05,2.02,2.07,0.009,5,,W,3.6,,
38201090,2023/11/17,20,0.001,0,0.005,0.005,0.1,0.039,0.05,2.02,2.07,0.012,9,,SW,2.4,,
38201090,2023/11/17,21,0.001,0,0.006,0.006,0.2,0.038,0.05,2.01,2.06,0,4,,WNW,3.7,,
38201090,2023/11/17,22,0,0,0.004,0.004,0.1,0.039,0.04,2.01,2.05,0.004,0,,W,5.1,,
38201090,2023/11/17,23,0,0,0.003,0.003,0.1,0.039,0.04,2.02,2.06,0.010,2,,WSW,6.4,,
38201090,2023/11/17,24,0,0,0.004,0.004,0.1,0.036,0.04,2.02,2.06,0,4,,WSW,5.9,,
38201090,2023/11/18,01,0,0,0.003,0.003,0.1,0.035,0.05,2.02,2.07,0.010,4,,WSW,6.5,,
38201090,2023/11/18,02,0,0,0.005,0.005,0.1,0.033,0.05,2.02,2.07,0,3,,WNW,3.9,,
38201090,2023/11/18,03,0,0,0.004,0.004,0.1,0.033,0.04,2.02,2.06,0,1,,WNW,3.1,,
38201090,2023/11/18,04,0,0,0.004,0.004,0.1,0.033,0.05,2.03,2.08,0,1,,NW,3.7,,
38201090,2023/11/18,05,0.001,0,0.004,0.004,0.1,0.031,0.05,2.03,2.08,0,4,,NW,3.2,,
38201090,2023/11/18,06,0,0,0.004,0.004,0.1,0.029,0.04,2.04,2.08,0.019,1,,WNW,3.6,,
38201090,2023/11/18,07,0,0,0.003,0.003,0.1,0.030,0.05,2.04,2.09,0.006,6,,W,4.8,,
38201090,2023/11/18,08,0.001,0,0.004,0.004,0.1,0.030,0.04,2.04,2.08,0,7,,WNW,4.0,,
38201090,2023/11/18,09,0.001,0.001,0.006,0.007,0.1,0.031,0.04,2.04,2.08,0,3,,WNW,5.2,,
38201090,2023/11/18,10,0.001,0,0.004,0.004,0.1,0.034,0.05,2.04,2.09,0.010,-8,,WNW,4.9,,
38201090,2023/11/18,11,0.001,0.001,0.004,0.005,0.1,0.034,0.05,2.05,2.10,0.005,6,,WNW,4.1,,
38201090,2023/11/18,12,0.001,0.001,0.004,0.005,0.1,0.035,0.05,2.05,2.10,0.007,8,,WNW,4.7,,
38201090,2023/11/18,13,0.001,0,0.003,0.003,0.1,0.035,0.05,2.04,2.09,0,11,,WNW,2.8,,
38201090,2023/11/18,14,0.001,0,0.003,0.003,0.1,0.034,0.04,2.04,2.08,0.004,9,,W,3.4,,
38201090,2023/11/18,15,0.001,0,0.005,0.005,0.1,0.034,0.05,2.04,2.09,0.010,10,,WNW,2.2,,
38201090,2023/11/18,16,0.001,0,0.004,0.004,0.2,0.035,0.05,2.04,2.09,0,6,,WNW,2.8,,
38201090,2023/11/18,17,0,0,0.003,0.003,0.2,0.037,0.05,2.04,2.09,0.027,0,,WNW,2.9,,
38201090,2023/11/18,18,0,0,0.004,0.004,0.2,0.037,0.05,2.04,2.09,0.001,1,,W,2.9,,
38201090,2023/11/18,19,0.001,0,0.004,0.004,0.2,0.039,0.05,2.04,2.09,0,7,,WNW,3.8,,
38201090,2023/11/18,20,0.001,0,0.003,0.003,0.2,0.042,0.05,2.06,2.11,0.004,7,,W,3.8,,
38201090,2023/11/18,21,0.001,0,0.005,0.005,0.2,0.043,0.05,2.06,2.11,0.006,8,,W,4.3,,
38201090,2023/11/18,22,0.001,0,0.004,0.004,0.2,0.043,0.05,2.07,2.12,0.036,7,,WNW,3.2,,
38201090,2023/11/18,23,0,0,0.003,0.003,0.2,0.043,0.05,2.07,2.12,0,11,,WNW,2.7,,
38201090,2023/11/18,24,0,0,0.004,0.004,0.2,0.042,0.05,2.07,2.12,0.025,10,,WNW,2.7,,
38201090,2023/11/19,01,0.001,0,0.004,0.004,0.2,0.041,0.05,2.06,2.11,0.005,8,,WNW,2.7,,
38201090,2023/11/19,02,0.001,0,0.004,0.004,0.2,0.040,0.05,2.06,2.11,0.007,8,,NW,2.4,,
38201090,2023/11/19,03,0.001,0,0.005,0.005,0.2,0.040,0.04,2.06,2.10,0.002,12,,NW,2.3,,
38201090,2023/11/19,04,0.001,0,0.006,0.006,0.2,0.038,0.05,2.06,2.11,0,8,,NW,2.2,,
38201090,2023/11/19,05,0.001,0,0.006,0.006,0.2,0.037,0.05,2.06,2.11,0,11,,WNW,1.6,,
38201090,2023/11/19,06,0.001,0,0.006,0.006,0.2,0.036,0.05,2.06,2.11,0.004,13,,NW,0.9,,
38201090,2023/11/19,07,0.001,0,0.008,0.008,0.2,0.033,0.05,2.06,2.11,0,11,,SW,0.9,,
38201090,2023/11/19,08,0.001,0.001,0.010,0.011,0.2,0.030,0.06,2.06,2.12,0,5,,WSW,3.6,,
38201090,2023/11/19,09,0,0,0.004,0.004,0.2,0.038,0.05,2.04,2.09,0,10,,WSW,4.9,,
38201090,2023/11/19,10,0,0,0.004,0.004,0.2,0.039,0.05,2.04,2.09,0,10,,WSW,4.3,,
38201090,2023/11/19,11,0,0,0.003,0.003,0.2,0.039,0.05,2.04,2.09,0,16,,WSW,4.6,,
38201090,2023/11/19,12,0,0,0.003,0.003,0.2,0.039,0.05,2.03,2.08,0.004,12,,WSW,4.9,,
38201090,2023/11/19,13,0,0,0.003,0.003,0.2,0.041,0.05,2.02,2.07,0.015,15,,WSW,4.7,,
38201090,2023/11/19,14,0,0,0.004,0.004,0.1,0.042,0.05,2.01,2.06,0,17,,WSW,4.6,,
38201090,2023/11/19,15,0,0,0.005,0.005,0.1,0.042,0.05,2.01,2.06,0,16,,W,3.6,,
38201090,2023/11/19,16,0,0,0.006,0.006,0.1,0.043,0.05,2.01,2.06,0,1,,W,4.6,,
38201090,2023/11/19,17,0.001,0,0.005,0.005,0.1,0.043,0.05,2.01,2.06,0.003,-1,,WSW,4.8,,
38201090,2023/11/19,18,0.001,0,0.008,0.008,0.1,0.040,0.05,2.01,2.06,0.003,7,,W,4.3,,
38201090,2023/11/19,19,0,0,0.007,0.007,0.1,0.040,0.05,2.01,2.06,0.025,6,,W,3.8,,
38201090,2023/11/19,20,0,0,0.008,0.008,0.1,0.039,0.05,2.01,2.06,0,7,,W,3.8,,
38201090,2023/11/19,21,0,0,0.006,0.006,0.1,0.041,0.04,2.00,2.04,0.010,7,,W,4.0,,
38201090,2023/11/19,22,0.001,0,0.005,0.005,0.1,0.042,0.04,2.01,2.05,0.001,9,,WSW,4.6,,
38201090,2023/11/19,23,0.001,0,0.003,0.003,0.1,0.043,0.04,2.01,2.05,0.012,11,,WSW,5.4,,
38201090,2023/11/19,24,0.001,0,0.004,0.004,0.2,0.044,0.05,2.01,2.06,0.006,10,,W,3.8,,
38201090,2023/11/20,01,0.001,0,0.007,0.007,0.1,0.041,0.05,2.01,2.06,0,9,,W,4.1,,
38201090,2023/11/20,02,0.001,0,0.008,0.008,0.2,0.040,0.05,2.01,2.06,0.011,7,,W,3.7,,
38201090,2023/11/20,03,0.001,0,0.008,0.008,0.1,0.041,0.05,2.02,2.07,0.001,9,,WNW,2.8,,
38201090,2023/11/20,04,0.001,0,0.004,0.004,0.2,0.046,0.05,2.03,2.08,0.001,11,,W,3.0,,
38201090,2023/11/20,05,0.001,0,0.005,0.005,0.2,0.047,0.05,2.04,2.09,0.034,13,,WNW,3.0,,
38201090,2023/11/20,06,0.001,0,0.004,0.004,0.2,0.047,0.05,2.06,2.11,0.016,14,,WNW,1.9,,
38201090,2023/11/20,07,0.001,0,0.005,0.005,0.2,0.045,0.05,2.06,2.11,0.013,14,,WNW,2.2,,
38201090,2023/11/20,08,0.001,0,0.009,0.009,0.2,0.041,0.05,2.06,2.11,0.003,15,,NW,1.9,,
38201090,2023/11/20,09,0.001,0.001,0.011,0.012,0.3,0.041,0.05,2.06,2.11,0,18,,NW,2.1,,
38201090,2023/11/20,10,0.001,0.001,0.012,0.013,0.2,0.042,0.05,2.06,2.11,0.012,20,,NW,2.2,,
38201090,2023/11/20,11,0.001,0,0.008,0.008,0.2,0.045,0.06,2.06,2.12,0.005,17,,NW,2.8,,
38201090,2023/11/20,12,0.003,0,0.009,0.009,0.2,0.047,0.06,2.05,2.11,0,14,,N,2.5,,
38201090,2023/11/20,13,0.002,0,0.008,0.008,0.1,0.048,0.06,2.04,2.10,0,14,,N,3.4,,
38201090,2023/11/20,14,0.002,0,0.008,0.008,0.1,0.050,0.06,2.04,2.10,0,14,,N,2.7,,
38201090,2023/11/20,15,0.008,0,0.014,0.014,0.1,0.048,0.06,2.04,2.10,0.013,21,,N,3.2,,
38201090,2023/11/20,16,0.002,0,0.011,0.011,0.1,0.047,0.06,2.04,2.10,0,5,,NNE,3.2,,
38201090,2023/11/20,17,0.001,0,0.009,0.009,0.1,0.043,0.06,2.03,2.09,0.014,10,,NE,2.2,,
38201090,2023/11/20,18,0,0,0.011,0.011,0.2,0.036,0.07,2.03,2.10,0.010,10,,ENE,1.3,,
38201090,2023/11/20,19,0,0,0.019,0.019,0.3,0.028,0.10,2.04,2.14,0,13,,E,1.1,,
38201090,2023/11/20,20,0,0,0.019,0.019,0.3,0.026,0.09,2.05,2.14,0.013,12,,E,0.9,,
38201090,2023/11/20,21,0,0,0.014,0.014,0.2,0.025,0.08,2.05,2.13,0.015,9,,ENE,1.7,,
38201090,2023/11/20,22,0,0,0.011,0.011,0.2,0.024,0.08,2.05,2.13,0.008,9,,ENE,1.7,,
38201090,2023/11/20,23,0,0,0.010,0.010,0.2,0.025,0.08,2.06,2.14,0.008,8,,ENE,1.1,,
38201090,2023/11/20,24,0,0,0.011,0.011,0.2,0.026,0.07,2.06,2.13,0.019,12,,ENE,1.5,,
38201090,2023/11/21,01,0,0,0.011,0.011,0.2,0.025,0.07,2.05,2.12,0.001,10,,ENE,1.3,,
38201090,2023/11/21,02,0,0,0.009,0.009,0.2,0.025,0.06,2.05,2.11,0,7,,E,2.7,,
38201090,2023/11/21,03,0.001,0,0.008,0.008,0.2,0.024,0.05,2.04,2.09,0,7,,E,1.9,,
38201090,2023/11/21,04,0.001,0,0.008,0.008,0.2,0.025,0.05,2.05,2.10,0.002,5,,E,2.1,,
38201090,2023/11/21,05,0,0,0.010,0.010,0.2,0.021,0.06,2.05,2.11,0.005,9,,ENE,1.3,,
38201090,2023/11/21,06,0,0.001,0.013,0.014,0.2,0.019,0.06,2.05,2.11,0.004,5,,ENE,2.2,,
38201090,2023/11/21,07,0,0.001,0.016,0.017,0.2,0.018,0.06,2.05,2.11,0.008,5,,ENE,2.3,,
38201090,2023/11/21,08,0.001,0.004,0.019,0.023,0.2,0.016,0.07,2.05,2.12,0,7,,E,2.5,,
38201090,2023/11/21,09,0.001,0.006,0.020,0.026,0.3,0.021,0.08,2.05,2.13,0.011,11,,ENE,1.7,,
38201090,2023/11/21,10,0.001,0.005,0.019,0.024,0.2,0.024,0.11,2.05,2.16,0.012,14,,NE,1.5,,
38201090,2023/11/21,11,0.003,0.003,0.016,0.019,0.2,0.029,0.06,2.04,2.10,0.007,20,,NW,1.2,,
38201090,2023/11/21,12,0.011,0.004,0.021,0.025,0.2,0.029,0.08,2.03,2.11,0.001,22,,WNW,1.5,,
38201090,2023/11/21,13,0.003,0.001,0.015,0.016,0.2,0.033,0.07,2.03,2.10,0,21,,W,2.1,,
38201090,2023/11/21,14,0.001,0,0.009,0.009,0.1,0.041,0.06,2.02,2.08,0.012,18,,WNW,1.6,,
38201090,2023/11/21,15,0.001,0,0.008,0.008,0.1,0.043,0.06,2.01,2.07,0.013,15,,WNW,1.2,,
38201090,2023/11/21,16,0.001,0,0.009,0.009,0.1,0.041,0.06,2.01,2.07,0.009,0,,WNW,1.2,,
38201090,2023/11/21,17,0.001,0,0.010,0.010,0.1,0.040,0.06,2.01,2.07,0.013,2,,WSW,0.7,,
38201090,2023/11/21,18,0.001,0,0.016,0.016,0.3,0.029,0.15,2.02,2.17,0.034,7,,ESE,0.7,,
38201090,2023/11/21,19,0.001,0,0.028,0.028,0.3,0.021,0.18,2.04,2.22,0.008,16,,E,1.4,,
38201090,2023/11/21,20,0,0,0.020,0.020,0.3,0.019,0.11,2.03,2.14,0.005,9,,E,2.4,,
38201090,2023/11/21,21,0,0,0.015,0.015,0.2,0.020,0.09,2.05,2.14,0,13,,E,2.7,,
38201090,2023/11/21,22,0,0,0.016,0.016,0.2,0.018,0.09,2.05,2.14,0,9,,ENE,1.9,,
38201090,2023/11/21,23,0,0,0.012,0.012,0.2,0.018,0.08,2.04,2.12,0.009,13,,ENE,2.5,,
38201090,2023/11/21,24,0,0,0.011,0.011,0.2,0.018,0.08,2.05,2.13,0,11,,ENE,1.4,,
38201090,2023/11/22,01,0,0,0.010,0.010,0.2,0.018,0.08,2.05,2.13,0,13,,ENE,1.6,,
38201090,2023/11/22,02,0,-,-,-,0.2,0.020,0.07,2.05,2.12,0,11,,ENE,2.1,,
38201090,2023/11/22,03,0,0,0.007,0.007,0.2,0.021,0.06,2.03,2.09,0.023,11,,ENE,2.0,,
38201090,2023/11/22,04,0,0,0.008,0.008,0.2,0.020,0.06,2.04,2.10,0.014,10,,ENE,2.1,,
38201090,2023/11/22,05,0,0,0.009,0.009,0.2,0.022,0.06,2.03,2.09,0.013,9,,ENE,2.5,,
38201090,2023/11/22,06,0,0,0.008,0.008,0.1,0.026,0.05,2.05,2.10,0.001,10,,ENE,2.4,,
38201090,2023/11/22,07,0,0,0.009,0.009,0.2,0.028,0.05,2.05,2.10,0,10,,ENE,2.0,,
38201090,2023/11/22,08,0.001,0.004,0.023,0.027,0.3,0.018,0.10,2.05,2.15,0,12,,ENE,2.2,,
38201090,2023/11/22,09,-,-,-,-,-,-,-,-,-,-,-,,ENE,2.2,,
38201090,2023/11/22,10,-,-,-,-,-,-,-,-,-,-,-,,NW,0.4,,
38201090,2023/11/22,11,-,-,-,-,-,-,-,-,-,-,-,,NW,1.4,,
38201090,2023/11/22,12,-,-,-,-,-,-,-,-,-,-,-,,NNW,1.9,,
38201090,2023/11/22,13,0.018,0.007,0.033,0.040,0.3,0.031,0.09,1.99,2.08,0,29,,NNW,1.7,,
38201090,2023/11/22,14,0.015,0.005,0.030,0.035,0.2,0.036,0.08,1.99,2.07,0.022,28,,NW,1.4,,
38201090,2023/11/22,15,0.003,0.001,0.018,0.019,0.2,0.040,0.08,1.99,2.07,0.013,25,,NW,1.5,,
38201090,2023/11/22,16,0.003,0,0.018,0.018,0.2,0.041,0.07,1.99,2.06,0.022,7,,NNW,1.8,,
38201090,2023/11/22,17,0.002,0.001,0.027,0.028,0.2,0.035,0.08,1.99,2.07,0.020,7,,NNW,1.1,,
38201090,2023/11/22,18,0.001,0,0.030,0.030,0.4,0.026,0.19,2.00,2.19,0.016,16,,ESE,0.7,,
38201090,2023/11/22,19,0.001,0,0.027,0.027,0.3,0.025,0.14,2.01,2.15,0.023,15,,ESE,0.8,,
38201090,2023/11/22,20,0.001,0,0.028,0.028,0.4,0.018,0.11,2.02,2.13,0.016,12,,E,1.7,,
38201090,2023/11/22,21,0,0,0.018,0.018,0.3,0.020,0.09,2.02,2.11,0.021,16,,E,2.2,,
38201090,2023/11/22,22,0,0,0.014,0.014,0.3,0.022,0.09,2.02,2.11,0.009,13,,E,1.7,,
38201090,2023/11/22,23,0,0,0.013,0.013,0.3,0.020,0.09,2.03,2.12,0,12,,E,1.7,,
38201090,2023/11/22,24,0,0,0.011,0.011,0.3,0.020,0.08,2.03,2.11,0,13,,E,2.2,,
38201090,2023/11/23,01,0.001,0,0.008,0.008,0.3,0.023,0.08,2.02,2.10,0.007,17,,ENE,1.5,,
38201090,2023/11/23,02,0.001,0,0.007,0.007,0.2,0.022,0.08,2.02,2.10,0.023,15,,ENE,0.9,,
38201090,2023/11/23,03,0.001,0,0.008,0.008,0.2,0.021,0.07,2.02,2.09,0.019,11,,ENE,1.4,,
38201090,2023/11/23,04,0.001,0,0.008,0.008,0.2,0.021,0.07,2.02,2.09,0.006,13,,ENE,1.2,,
38201090,2023/11/23,05,0,0,0.008,0.008,0.2,0.019,0.07,2.02,2.09,0.007,12,,ENE,1.3,,
38201090,2023/11/23,06,0.001,0,0.011,0.011,0.2,0.018,0.06,2.03,2.09,0.012,11,,E,0.9,,
38201090,2023/11/23,07,0,0,0.014,0.014,0.2,0.015,0.08,2.03,2.11,0,14,,ENE,1.3,,
38201090,2023/11/23,08,0,0.002,0.019,0.021,0.3,0.014,0.09,2.02,2.11,0.020,14,,E,1.6,,
38201090,2023/11/23,09,0.001,0.002,0.018,0.020,0.3,0.021,0.27,2.01,2.28,0.015,20,,ENE,1.6,,
38201090,2023/11/23,10,0.001,0.003,0.017,0.020,0.3,0.025,0.10,2.02,2.12,0,27,,E,0.7,,
38201090,2023/11/23,11,0.001,0,0.007,0.007,0.2,0.042,0.07,2.01,2.08,0.007,27,,SSW,2.7,,
38201090,2023/11/23,12,0.001,0,0.006,0.006,0.1,0.046,0.06,2.00,2.06,0,21,,SW,4.1,,
38201090,2023/11/23,13,0.001,0,0.003,0.003,0.1,0.048,0.06,1.99,2.05,0.017,21,,SSW,2.9,,
38201090,2023/11/23,14,0.001,0,0.004,0.004,0.1,0.049,0.06,1.98,2.04,0.015,23,,SW,2.0,,
38201090,2023/11/23,15,0.001,0,0.005,0.005,0.1,0.048,0.06,1.98,2.04,0.011,18,,W,1.9,,
38201090,2023/11/23,16,0.001,0,0.005,0.005,0,0.047,0.06,1.97,2.03,0.014,-4,,NW,1.0,,
38201090,2023/11/23,17,0.001,0,0.010,0.010,0.1,0.042,0.06,1.97,2.03,0.001,2,,NW,0.5,,
38201090,2023/11/23,18,0.001,0,0.013,0.013,0.2,0.033,0.09,1.99,2.08,0,4,,ESE,0.6,,
38201090,2023/11/23,19,0.001,0,0.019,0.019,0.2,0.023,0.10,2.00,2.10,0.022,12,,ESE,0.4,,
38201090,2023/11/23,20,0.001,0,0.016,0.016,0.2,0.022,0.11,1.99,2.10,0.004,11,,E,0.8,,
38201090,2023/11/23,21,0,0,0.016,0.016,0.3,0.023,0.12,2.00,2.12,0.002,12,,ENE,0.7,,
38201090,2023/11/23,22,0,0,0.018,0.018,0.3,0.023,0.15,2.01,2.16,0,14,,E,0.9,,
38201090,2023/11/23,23,0,0.001,0.015,0.016,0.3,0.024,0.15,2.01,2.16,0.002,11,,SSE,0.8,,
38201090,2023/11/23,24,0.001,0,0.012,0.012,0.2,0.034,0.07,2.00,2.07,0.007,12,,SW,4.7,,
38201090,2023/11/24,01,0.001,0,0.003,0.003,0.2,0.042,0.06,1.99,2.05,0.001,17,,WSW,3.8,,
38201090,2023/11/24,02,0.001,0,0.007,0.007,0.4,0.063,0.08,2.09,2.17,0.046,32,,W,3.4,,
38201090,2023/11/24,03,0.001,0,0.008,0.008,0.4,0.062,0.08,2.12,2.20,0.034,28,,WNW,3.2,,
38201090,2023/11/24,04,0.001,0,0.007,0.007,0.3,0.059,0.08,2.09,2.17,0.023,21,,WNW,3.0,,
38201090,2023/11/24,05,0.001,0,0.006,0.006,0.3,0.056,0.07,2.09,2.16,0.017,27,,WNW,2.5,,
38201090,2023/11/24,06,0.001,0,0.007,0.007,0.4,0.055,0.06,2.10,2.16,0.009,28,,WNW,2.1,,
38201090,2023/11/24,07,0.001,0,0.006,0.006,0.4,0.053,0.07,2.10,2.17,0.045,30,,W,3.5,,
38201090,2023/11/24,08,0.001,0,0.009,0.009,0.4,0.047,0.07,2.10,2.17,0.025,28,,WNW,3.0,,
38201090,2023/11/24,09,0,0,0.007,0.007,0.3,0.044,0.06,2.07,2.13,0.033,20,,W,3.2,,
38201090,2023/11/24,10,0.001,0,0.007,0.007,0.3,0.043,0.06,2.07,2.13,0.039,23,,NW,2.3,,
38201090,2023/11/24,11,0,0,0.006,0.006,0.2,0.040,0.07,2.05,2.12,0.004,20,,NNW,4.1,,
38201090,2023/11/24,12,0.001,0.001,0.007,0.008,0.2,0.037,0.05,2.03,2.08,0.016,10,,NW,3.2,,
38201090,2023/11/24,13,0.001,0.002,0.010,0.012,0.2,0.038,0.05,2.03,2.08,0.018,6,,NW,2.9,,
38201090,2023/11/24,14,0,0,0.006,0.006,0.1,0.040,0.05,2.02,2.07,0.010,16,,NW,3.0,,
38201090,2023/11/24,15,0,0,0.004,0.004,0.1,0.041,0.05,2.02,2.07,0.001,16,,NW,2.6,,
38201090,2023/11/24,16,0,0,0.004,0.004,0.1,0.041,0.05,2.02,2.07,0.005,-11,,NW,2.1,,
38201090,2023/11/24,17,0.001,0,0.006,0.006,0.2,0.042,0.04,2.01,2.05,0.021,-5,,NNW,3.7,,
38201090,2023/11/24,18,0.001,0.001,0.008,0.009,0.2,0.040,0.06,2.02,2.08,0.013,1,,N,4.0,,
38201090,2023/11/24,19,0.001,0,0.005,0.005,0.2,0.041,0.05,2.03,2.08,0,-1,,NNW,4.9,,
38201090,2023/11/24,20,0,0,0.004,0.004,0.2,0.041,0.04,2.03,2.07,0,2,,NNW,3.4,,
38201090,2023/11/24,21,0,0,0.006,0.006,0.2,0.040,0.04,2.03,2.07,0.023,6,,NNW,2.6,,
38201090,2023/11/24,22,0.001,0,0.004,0.004,0.2,0.040,0.05,2.03,2.08,0.022,4,,NNE,3.5,,
38201090,2023/11/24,23,0.001,0,0.005,0.005,0.2,0.039,0.04,2.03,2.07,0.011,4,,NNE,2.3,,
38201090,2023/11/24,24,0.001,0,0.006,0.006,0.2,0.039,0.04,2.04,2.08,0,3,,NNE,2.9,,
38201090,2023/11/25,01,0.002,0,0.005,0.005,0.2,0.039,0.04,2.04,2.08,0.003,3,,NNE,3.3,,
38201090,2023/11/25,02,0.001,0,0.005,0.005,0.2,0.036,0.05,2.04,2.09,0.001,6,,E,1.6,,
38201090,2023/11/25,03,0,0,0.006,0.006,0.2,0.028,0.05,2.05,2.10,0.004,-1,,E,1.4,,
38201090,2023/11/25,04,0,0,0.007,0.007,0.2,0.027,0.05,2.05,2.10,0.003,4,,E,2.2,,
38201090,2023/11/25,05,0,0,0.007,0.007,0.2,0.026,0.05,2.05,2.10,0.007,4,,E,1.4,,
38201090,2023/11/25,06,0,0,0.008,0.008,0.2,0.025,0.05,2.05,2.10,0,5,,E,2.0,,
38201090,2023/11/25,07,0.001,0,0.010,0.010,0.2,0.024,0.05,2.05,2.10,0,1,,E,1.6,,
38201090,2023/11/25,08,0.001,0.002,0.019,0.021,0.2,0.021,0.06,2.05,2.11,0,2,,E,1.6,,
38201090,2023/11/25,09,0.001,0.005,0.022,0.027,0.3,0.023,0.13,2.05,2.18,0,7,,E,1.8,,
38201090,2023/11/25,10,0.001,0.002,0.012,0.014,0.2,0.034,0.08,2.05,2.13,0,14,,NE,3.7,,
38201090,2023/11/25,11,0.001,0,0.005,0.005,0.2,0.041,0.05,2.03,2.08,0,9,,NNE,4.3,,
38201090,2023/11/25,12,0.002,0.001,0.007,0.008,0.2,0.041,0.05,2.03,2.08,0.005,9,,N,4.3,,
38201090,2023/11/25,13,0.003,0.001,0.009,0.010,0.2,0.041,0.06,2.03,2.09,0.010,10,,N,4.7,,
38201090,2023/11/25,14,0.002,0.001,0.007,0.008,0.2,0.041,0.05,2.02,2.07,0,9,,N,4.8,,
38201090,2023/11/25,15,0.001,0,0.005,0.005,0.2,0.042,0.05,2.02,2.07,0,13,,N,4.3,,
38201090,2023/11/25,16,0.002,0,0.009,0.009,0.2,0.040,0.05,2.02,2.07,0.013,-2,,N,3.3,,
38201090,2023/11/25,17,0.001,0,0.006,0.006,0.2,0.039,0.05,2.02,2.07,0,-2,,NNE,2.4,,
38201090,2023/11/25,18,0,0,0.007,0.007,0.2,0.037,0.06,2.03,2.09,0.008,3,,ENE,1.9,,
38201090,2023/11/25,19,0,0,0.010,0.010,0.3,0.032,0.07,2.04,2.11,0.012,3,,ENE,1.0,,
38201090,2023/11/25,20,0,0,0.013,0.013,0.3,0.025,0.07,2.04,2.11,0.012,4,,ESE,0.7,,
38201090,2023/11/25,21,0,0,0.013,0.013,0.3,0.024,0.08,2.05,2.13,0,3,,E,1.7,,
38201090,2023/11/25,22,0,0,0.010,0.010,0.3,0.024,0.08,2.05,2.13,0.005,1,,E,1.4,,
38201090,2023/11/25,23,0.001,0,0.009,0.009,0.3,0.025,0.08,2.05,2.13,0,2,,E,1.7,,
38201090,2023/11/25,24,0,0,0.008,0.008,0.2,0.024,0.07,2.05,2.12,0,6,,ENE,1.5,,
38201090,2023/11/26,01,0.001,0,0.005,0.005,0.2,0.025,0.06,2.06,2.12,0,3,,ENE,2.3,,
38201090,2023/11/26,02,0.001,0,0.005,0.005,0.2,0.024,0.05,2.05,2.10,0.002,5,,E,2.7,,
38201090,2023/11/26,03,0,0,0.005,0.005,0.2,0.023,0.05,2.06,2.11,0.003,8,,E,2.4,,
38201090,2023/11/26,04,0.001,0,0.005,0.005,0.2,0.023,0.05,2.06,2.11,0,11,,ENE,1.5,,
38201090,2023/11/26,05,0.001,0,0.006,0.006,0.2,0.022,0.05,2.06,2.11,0.001,8,,E,1.3,,
38201090,2023/11/26,06,0.001,0,0.008,0.008,0.2,0.020,0.05,2.07,2.12,0.013,5,,ENE,2.0,,
38201090,2023/11/26,07,0.001,0,0.008,0.008,0.2,0.018,0.06,2.06,2.12,0,5,,ENE,1.7,,
38201090,2023/11/26,08,0.001,0.001,0.008,0.009,0.2,0.020,0.06,2.05,2.11,0.002,5,,E,2.9,,
38201090,2023/11/26,09,0.001,0.001,0.009,0.010,0.2,0.023,0.06,2.04,2.10,0,10,,E,2.1,,
38201090,2023/11/26,10,0.001,0.001,0.009,0.010,0.3,0.028,0.06,2.05,2.11,0,19,,ENE,1.8,,
38201090,2023/11/26,11,0.001,0.001,0.009,0.010,0.3,0.031,0.07,2.05,2.12,0,18,,NNE,1.2,,
38201090,2023/11/26,12,0.005,0,0.009,0.009,0.2,0.040,0.06,2.03,2.09,0,22,,NNW,2.3,,
38201090,2023/11/26,13,0.005,0,0.011,0.011,0.2,0.040,0.06,2.02,2.08,0.006,15,,NW,2.2,,
38201090,2023/11/26,14,0.002,0,0.008,0.008,0.2,0.041,0.05,2.01,2.06,0.016,17,,NNW,2.1,,
38201090,2023/11/26,15,0.002,0,0.006,0.006,0.2,0.045,0.05,2.01,2.06,0.009,14,,NW,1.5,,
38201090,2023/11/26,16,0.001,0,0.005,0.005,0.2,0.046,0.05,2.00,2.05,0.016,-1,,NW,1.7,,
38201090,2023/11/26,17,0.001,0,0.007,0.007,0.2,0.044,0.05,2.01,2.06,0.005,-2,,CALM,0.2,,
38201090,2023/11/26,18,0.002,0,0.010,0.010,0.2,0.033,0.05,2.01,2.06,0.033,4,,ESE,0.6,,
38201090,2023/11/26,19,0.001,0,0.016,0.016,0.3,0.028,0.09,2.03,2.12,0.003,9,,E,0.4,,
38201090,2023/11/26,20,0.001,0,0.017,0.017,0.3,0.024,0.10,2.03,2.13,0.030,9,,E,2.0,,
38201090,2023/11/26,21,0.001,0,0.012,0.012,0.3,0.023,0.08,2.03,2.11,0.005,10,,ENE,2.0,,
38201090,2023/11/26,22,0.001,0,0.010,0.010,0.2,0.024,0.07,2.04,2.11,0,10,,ENE,1.9,,
38201090,2023/11/26,23,0.001,0,0.008,0.008,0.2,0.024,0.07,2.04,2.11,0,11,,ENE,1.9,,
38201090,2023/11/26,24,0,0,0.007,0.007,0.2,0.026,0.06,2.04,2.10,0,9,,ENE,2.1,,
38201090,2023/11/27,01,0.001,0,0.006,0.006,0.2,0.027,0.06,2.04,2.10,0,8,,ENE,1.6,,
38201090,2023/11/27,02,0.001,0,0.005,0.005,0.2,0.026,0.05,2.04,2.09,0,9,,E,2.1,,
38201090,2023/11/27,03,0,0,0.004,0.004,0.2,0.027,0.05,2.03,2.08,0,12,,E,2.4,,
38201090,2023/11/27,04,0.001,0,0.007,0.007,0.2,0.025,0.05,2.04,2.09,0.011,8,,ENE,1.3,,
38201090,2023/11/27,05,0.001,0,0.009,0.009,0.2,0.022,0.05,2.04,2.09,0.006,11,,NE,1.0,,
38201090,2023/11/27,06,0.001,0,0.012,0.012,0.2,0.020,0.06,2.04,2.10,0,11,,ENE,1.9,,
38201090,2023/11/27,07,0.001,0,0.016,0.016,0.2,0.020,0.06,2.03,2.09,0.003,10,,ENE,1.2,,
38201090,2023/11/27,08,0.001,0.004,0.031,0.035,0.4,0.012,0.21,2.04,2.25,0.004,12,,ENE,1.7,,
38201090,2023/11/27,09,0.001,0.005,0.035,0.040,0.5,0.010,0.20,2.04,2.24,0.004,15,,ENE,1.2,,
38201090,2023/11/27,10,0.001,0.008,0.036,0.044,0.4,0.010,0.13,2.03,2.16,0,12,,E,1.8,,
38201090,2023/11/27,11,0.001,0.005,0.029,0.034,0.3,0.016,0.09,2.02,2.11,0,14,,ESE,1.0,,
38201090,2023/11/27,12,0.001,0.004,0.026,0.030,0.3,0.019,0.08,2.02,2.10,0.002,14,,E,1.4,,
38201090,2023/11/27,13,0.001,0.002,0.016,0.018,0.3,0.028,0.12,2.01,2.13,0.014,17,,ESE,1.1,,
38201090,2023/11/27,14,0.002,0.001,0.012,0.013,0.2,0.034,0.07,2.01,2.08,0.006,31,,SW,3.1,,
38201090,2023/11/27,15,0.001,0,0.007,0.007,0.2,0.042,0.06,2.00,2.06,0.018,20,,SW,2.0,,
38201090,2023/11/27,16,0.001,0,0.009,0.009,0.2,0.043,0.06,2.00,2.06,0.023,6,,WSW,2.0,,
38201090,2023/11/27,17,0.001,0,0.010,0.010,0.2,0.040,0.06,2.00,2.06,0.035,4,,CALM,0.3,,
38201090,2023/11/27,18,0.001,0,0.025,0.025,0.3,0.025,0.18,2.01,2.19,0.027,7,,ESE,0.7,,
38201090,2023/11/27,19,0.001,0,0.025,0.025,0.4,0.017,0.17,2.01,2.18,0,11,,ESE,1.0,,
38201090,2023/11/27,20,0,0,0.016,0.016,0.3,0.017,0.09,2.01,2.10,0.022,9,,E,1.1,,
38201090,2023/11/27,21,0,0,0.016,0.016,0.3,0.016,0.09,2.02,2.11,0.012,6,,E,1.4,,
38201090,2023/11/27,22,0.001,0,0.014,0.014,0.3,0.017,0.09,2.02,2.11,0.027,9,,ENE,1.2,,
38201090,2023/11/27,23,0,0,0.015,0.015,0.3,0.016,0.11,2.02,2.13,0.013,11,,ESE,1.4,,
38201090,2023/11/27,24,0.001,0,0.008,0.008,0.3,0.038,0.08,2.04,2.12,0.012,12,,WNW,2.1,,
38201090,2023/11/28,01,0.001,0,0.009,0.009,0.3,0.045,0.07,2.06,2.13,0.009,20,,W,2.1,,
38201090,2023/11/28,02,0.001,0,0.007,0.007,0.3,0.043,0.07,2.05,2.12,0.020,18,,W,2.5,,
38201090,2023/11/28,03,0.001,0,0.006,0.006,0.3,0.043,0.06,2.06,2.12,0.001,15,,WNW,2.4,,
38201090,2023/11/28,04,0.001,0,0.006,0.006,0.3,0.039,0.06,2.06,2.12,0,10,,WNW,1.5,,
38201090,2023/11/28,05,0,0,0.007,0.007,0.3,0.038,0.06,2.05,2.11,0.005,12,,WNW,1.8,,
38201090,2023/11/28,06,0,0,0.007,0.007,0.3,0.037,0.06,2.05,2.11,0.020,5,,W,3.1,,
38201090,2023/11/28,07,0.001,0,0.006,0.006,0.3,0.040,0.06,2.07,2.13,0.015,13,,W,3.4,,
38201090,2023/11/28,08,0.001,0,0.006,0.006,0.3,0.044,0.06,2.10,2.16,0.022,17,,W,4.8,,
38201090,2023/11/28,09,0.001,0,0.006,0.006,0.3,0.043,0.05,2.09,2.14,0.016,16,,WNW,2.5,,
38201090,2023/11/28,10,0.001,0,0.006,0.006,0.3,0.043,0.05,2.08,2.13,0.015,20,,W,3.2,,
38201090,2023/11/28,11,0.001,0,0.006,0.006,0.3,0.043,0.05,2.07,2.12,0.012,19,,W,3.9,,
38201090,2023/11/28,12,0.001,0,0.006,0.006,0.3,0.043,0.05,2.07,2.12,0.016,12,,W,5.1,,
38201090,2023/11/28,13,0.001,0,0.007,0.007,0.3,0.043,0.05,2.07,2.12,0.029,26,,W,4.1,,
38201090,2023/11/28,14,0.001,0,0.006,0.006,0.3,0.045,0.05,2.07,2.12,0.041,24,,W,5.0,,
38201090,2023/11/28,15,0,0,0.005,0.005,0.3,0.046,0.05,2.07,2.12,0.008,14,,W,4.1,,
38201090,2023/11/28,16,0.001,0,0.005,0.005,0.3,0.046,0.05,2.07,2.12,0.016,14,,WNW,3.6,,
38201090,2023/11/28,17,0.001,0,0.006,0.006,0.3,0.044,0.05,2.07,2.12,0.014,15,,W,3.5,,
38201090,2023/11/28,18,0,0,0.006,0.006,0.3,0.044,0.05,2.07,2.12,0.028,12,,WNW,3.1,,
38201090,2023/11/28,19,0.001,0,0.006,0.006,0.3,0.043,0.05,2.07,2.12,0.017,11,,NW,2.7,,
38201090,2023/11/28,20,0,0,0.005,0.005,0.3,0.042,0.05,2.06,2.11,0.011,10,,NW,2.3,,
38201090,2023/11/28,21,0.001,0,0.005,0.005,0.2,0.041,0.05,2.05,2.10,0,10,,WNW,2.5,,
38201090,2023/11/28,22,0,0,0.004,0.004,0.2,0.040,0.04,2.05,2.09,0.010,8,,NW,1.8,,
38201090,2023/11/28,23,0.001,0,0.005,0.005,0.2,0.039,0.05,2.05,2.10,0.018,13,,WNW,1.3,,
38201090,2023/11/28,24,0.001,0,0.006,0.006,0.2,0.036,0.04,2.05,2.09,0.015,10,,W,1.0,,
38201090,2023/11/29,01,0.001,0,0.010,0.010,0.2,0.028,0.06,2.06,2.12,0.014,9,,ENE,1.2,,
38201090,2023/11/29,02,0.001,-,-,-,0.2,0.024,0.07,2.07,2.14,0.015,11,,ENE,0.6,,
38201090,2023/11/29,03,0.001,0,0.006,0.006,0.2,0.034,0.05,2.06,2.11,0.006,9,,WSW,3.8,,
38201090,2023/11/29,04,0.001,0,0.005,0.005,0.2,0.037,0.04,2.06,2.10,0.006,7,,WSW,3.6,,
38201090,2023/11/29,05,0.001,0,0.005,0.005,0.2,0.037,0.04,2.05,2.09,0.005,6,,WSW,3.8,,
38201090,2023/11/29,06,0.001,0,0.004,0.004,0.2,0.036,0.04,2.05,2.09,0.006,7,,W,3.2,,
38201090,2023/11/29,07,0.001,0,0.004,0.004,0.2,0.036,0.04,2.05,2.09,0.008,8,,WNW,2.2,,
38201090,2023/11/29,08,0.001,0,0.007,0.007,0.2,0.032,0.05,2.05,2.10,0,9,,WNW,2.2,,
38201090,2023/11/29,09,0.001,0.001,0.009,0.010,0.2,0.033,0.04,2.05,2.09,0.003,3,,WNW,2.7,,
38201090,2023/11/29,10,0.001,0.001,0.009,0.010,0.2,0.035,0.05,2.05,2.10,0,10,,WNW,1.7,,
38201090,2023/11/29,11,0.001,0,0.007,0.007,0.2,0.037,0.05,2.05,2.10,0.003,15,,W,2.9,,
38201090,2023/11/29,12,0.001,0,0.006,0.006,0.2,0.038,0.05,2.05,2.10,0.001,11,,W,2.2,,
38201090,2023/11/29,13,0,0,0.006,0.006,0.2,0.038,0.05,2.04,2.09,0.015,9,,W,1.4,,
38201090,2023/11/29,14,0.001,0,0.007,0.007,0.2,0.039,0.05,2.04,2.09,0.037,9,,WNW,1.5,,
38201090,2023/11/29,15,0.001,0,0.007,0.007,0.2,0.039,0.05,2.04,2.09,0.008,9,,WSW,2.7,,
38201090,2023/11/29,16,0.001,0,0.008,0.008,0.2,0.040,0.05,2.04,2.09,0.008,4,,WSW,2.9,,
38201090,2023/11/29,17,0.001,0,0.009,0.009,0.2,0.039,0.05,2.05,2.10,0.016,7,,WSW,3.0,,
38201090,2023/11/29,18,0.001,0,0.011,0.011,0.3,0.039,0.06,2.05,2.11,0.017,11,,W,1.8,,
38201090,2023/11/29,19,0.001,0,0.009,0.009,0.3,0.039,0.06,2.06,2.12,0.011,14,,W,2.1,,
38201090,2023/11/29,20,0.001,0,0.011,0.011,0.3,0.034,0.06,2.05,2.11,0.010,15,,WNW,1.1,,
38201090,2023/11/29,21,0,0,0.008,0.008,0.3,0.037,0.06,2.06,2.12,0.021,15,,WNW,1.5,,
38201090,2023/11/29,22,0.001,0,0.007,0.007,0.3,0.037,0.05,2.05,2.10,0.033,12,,W,0.6,,
38201090,2023/11/29,23,0.001,0,0.016,0.016,0.3,0.022,0.08,2.06,2.14,0.024,12,,ESE,0.5,,
38201090,2023/11/29,24,0.001,0,0.019,0.019,0.3,0.018,0.11,2.08,2.19,0.007,14,,SE,1.4,,
38201090,2023/11/30,01,0,0,0.013,0.013,0.3,0.024,0.09,2.07,2.16,0,18,,W,1.7,,
38201090,2023/11/30,02,0,0,0.010,0.010,0.3,0.032,0.06,2.05,2.11,0.046,9,,WNW,1.7,,
38201090,2023/11/30,03,0,0,0.009,0.009,0.3,0.037,0.06,2.06,2.12,0,9,,WNW,2.1,,
38201090,2023/11/30,04,0.001,0,0.007,0.007,0.3,0.040,0.06,2.08,2.14,0.017,12,,W,2.8,,
38201090,2023/11/30,05,0,0,0.007,0.007,0.3,0.039,0.06,2.09,2.15,0.030,11,,WNW,2.1,,
38201090,2023/11/30,06,0.001,0,0.009,0.009,0.3,0.037,0.06,2.09,2.15,0.008,11,,W,2.6,,
38201090,2023/11/30,07,0.001,0,0.008,0.008,0.3,0.035,0.05,2.09,2.14,0.001,14,,WNW,1.7,,
38201090,2023/11/30,08,0.001,0,0.009,0.009,0.4,0.032,0.06,2.09,2.15,0.016,18,,NW,1.6,,
38201090,2023/11/30,09,0.001,0,0.010,0.010,0.3,0.033,0.05,2.08,2.13,0.025,13,,NNW,2.0,,
38201090,2023/11/30,10,0.001,0.001,0.009,0.010,0.3,0.033,0.05,2.07,2.12,0.022,13,,WNW,1.7,,
38201090,2023/11/30,11,0.001,0.001,0.011,0.012,0.3,0.032,0.06,2.06,2.12,0.006,8,,NNW,2.3,,
38201090,2023/11/30,12,0.001,0,0.010,0.010,0.3,0.035,0.06,2.05,2.11,0.022,11,,NNW,2.4,,
38201090,2023/11/30,13,0.001,0,0.008,0.008,0.3,0.037,0.06,2.04,2.10,0,9,,NW,1.8,,
38201090,2023/11/30,14,0.001,0,0.005,0.005,0.2,0.039,0.05,2.04,2.09,0.013,14,,NW,1.3,,
38201090,2023/11/30,15,0.001,0,0.007,0.007,0.3,0.038,0.05,2.04,2.09,0.005,3,,NW,1.8,,
38201090,2023/11/30,16,0.001,0.001,0.008,0.009,0.2,0.038,0.05,2.04,2.09,0.007,5,,NW,1.4,,
38201090,2023/11/30,17,0.001,0,0.007,0.007,0.2,0.038,0.05,2.04,2.09,0.009,3,,NW,2.1,,
38201090,2023/11/30,18,0.001,0,0.006,0.006,0.2,0.037,0.05,2.04,2.09,0.003,2,,NW,2.0,,
38201090,2023/11/30,19,0.001,0,0.004,0.004,0.2,0.037,0.05,2.04,2.09,0.008,2,,NNW,2.5,,
38201090,2023/11/30,20,0.001,0,0.005,0.005,0.2,0.036,0.05,2.04,2.09,0,3,,NW,1.7,,
38201090,2023/11/30,21,0.001,0,0.004,0.004,0.2,0.035,0.04,2.04,2.08,0.038,6,,NW,1.6,,
38201090,2023/11/30,22,0,0,0.003,0.003,0.2,0.034,0.04,2.04,2.08,0.004,5,,WNW,1.9,,
38201090,2023/11/30,23,0.001,0,0.004,0.004,0.2,0.033,0.04,2.04,2.08,0.022,3,,WNW,1.8,,
38201090,2023/11/30,24,0,0,0.003,0.003,0.2,0.033,0.04,2.04,2.08,0.003,2,,WNW,1.9,,
